曜日,日付,収集区域1,収集区域2,収集区域3,収集区域4,収集区域5,収集区域6,収集区域7,収集区域8,収集区域9,収集区域10,収集区域11,収集区域12,収集区域13,収集区域14,収集区域15,収集区域16,収集区域21,収集区域22,収集区域23,収集区域24,収集区域25,収集区域26,収集区域27,収集区域28,収集区域29,収集区域30,収集区域31,収集区域32,収集区域41,収集区域42,収集区域44,収集区域45,収集区域46,収集区域48,収集区域49,収集区域50,収集区域51
水,2026/4/1,不燃,びん・かん・ペット,不燃,びん・かん・ペット,プラマーク,特定,,プラマーク,,不燃,不燃,プラマーク,不燃,不燃,不燃,プラマーク,不燃・ペット,,不燃・ペット,びん・かん,プラマーク,特定,,プラマーク,不燃・ペット,不燃・ペット,特定,,プラマーク,プラマーク,プラマーク,プラマーク,,可燃・プラ・かん・特定,プラマーク,,
木,2026/4/2,可燃,,可燃,,可燃,不燃,可燃,びん・かん・ペット,可燃,プラマーク,可燃,びん・かん・ペット,可燃,プラマーク,可燃,可燃,可燃,,可燃,,可燃,不燃・ペット,可燃,びん・かん,可燃,プラマーク,可燃,プラマーク,可燃,かん・特定,,可燃,,,可燃,,可燃・プラ・かん・特定
金,2026/4/3,,可燃,,可燃,不燃,可燃,びん・かん・ペット,可燃,プラマーク,可燃,特定,可燃,プラマーク,可燃,プラマーク,不燃,,可燃,,可燃,不燃・ペット,可燃,びん・かん,可燃,プラマーク,可燃,プラマーク,可燃,かん・特定,可燃,可燃,,,,,可燃・プラ・かん・特定,
土,2026/4/4,,,,,,,,,,,,,,,,,,,,,,,,,,,,,,,,,,,,,
日,2026/4/5,,,,,,,,,,,,,,,,,,,,,,,,,,,,,,,,,,,,,
月,2026/4/6,可燃,プラマーク,可燃,プラマーク,可燃,プラマーク,可燃,,可燃,びん・かん・ペット,可燃,特定,可燃,,可燃,可燃,可燃,プラマーク,可燃,プラマーク,可燃,プラマーク,可燃,,可燃,,可燃,特定,可燃,,不燃・ペット,可燃,,,可燃・不燃・ペット,,
火,2026/4/7,プラマーク,可燃,プラマーク,可燃,,可燃,プラマーク,可燃,特定,可燃,プラマーク,可燃,びん・かん・ペット,可燃,,,プラマーク,可燃,プラマーク,可燃,,可燃,プラマーク,可燃,,可燃,,可燃,,可燃,可燃,不燃・ペット,,,,,
水,2026/4/8,びん・かん・ペット,不燃,,不燃,プラマーク,,特定,プラマーク,不燃,,びん・かん・ペット,プラマーク,,,びん・かん・ペット,プラマーク,,不燃・ペット,びん・かん,不燃・ペット,プラマーク,,特定,プラマーク,特定,,不燃・ペット,不燃・ペット,プラマーク,プラマーク,プラマーク,プラマーク,全品目,可燃・不燃・プラ・ペット,プラマーク,,
木,2026/4/9,可燃,,可燃,特定,可燃,びん・かん・ペット,可燃,不燃,可燃,プラマーク,可燃,不燃,可燃,プラマーク,可燃,可燃,可燃,,可燃,,可燃,びん・かん,可燃,不燃・ペット,可燃,プラマーク,可燃,プラマーク,可燃,不燃・ペット,,可燃,,,可燃,,可燃・不燃・プラ・ペット
金,2026/4/10,,可燃,びん・かん・ペット,可燃,びん・かん・ペット,可燃,不燃,可燃,プラマーク,可燃,,可燃,プラマーク,可燃,プラマーク,びん・かん・ペット,,可燃,,可燃,びん・かん,可燃,不燃・ペット,可燃,プラマーク,可燃,プラマーク,可燃,不燃・ペット,可燃,可燃,,,,,可燃・不燃・プラ・ペット,
土,2026/4/11,,,,,,,,,,,,,,,,,,,,,,,,,,,,,,,,,,,,,
日,2026/4/12,,,,,,,,,,,,,,,,,,,,,,,,,,,,,,,,,,,,,
月,2026/4/13,可燃,プラマーク,可燃,プラマーク,可燃,プラマーク,可燃,,可燃,特定,可燃,,可燃,びん・かん・ペット,可燃,可燃,可燃,プラマーク,可燃,プラマーク,可燃,プラマーク,可燃,,可燃,びん・かん,可燃,,可燃,,びん,可燃,,,可燃・びん,,
火,2026/4/14,プラマーク,可燃,プラマーク,可燃,,可燃,プラマーク,可燃,びん・かん・ペット,可燃,プラマーク,可燃,,可燃,,,プラマーク,可燃,プラマーク,可燃,,可燃,プラマーク,可燃,,可燃,,可燃,,可燃,可燃,びん,,,,,
水,2026/4/15,不燃,びん・かん・ペット,不燃,びん・かん・ペット,プラマーク,,,プラマーク,,不燃,不燃,プラマーク,不燃,不燃,不燃,プラマーク,不燃・ペット,びん・かん,不燃・ペット,,プラマーク,,,プラマーク,不燃・ペット,不燃・ペット,びん・かん,,プラマーク,プラマーク,プラマーク,プラマーク,,可燃・プラ・びん,プラマーク,,
木,2026/4/16,可燃,,可燃,,可燃,不燃,可燃,びん・かん・ペット,可燃,プラマーク,可燃,びん・かん・ペット,可燃,プラマーク,可燃,可燃,可燃,特定,可燃,,可燃,不燃・ペット,可燃,,可燃,プラマーク,可燃,プラマーク,可燃,びん,,可燃,,,可燃,,可燃・プラ・びん
金,2026/4/17,特定,可燃,特定,可燃,不燃,可燃,びん・かん・ペット,可燃,プラマーク,可燃,,可燃,プラマーク,可燃,プラマーク,不燃,特定,可燃,,可燃,不燃・ペット,可燃,,可燃,プラマーク,可燃,プラマーク,可燃,びん,可燃,可燃,,,,,可燃・プラ・びん,
土,2026/4/18,,,,,,,,,,,,,,,,,,,,,,,,,,,,,,,,,,,,,
日,2026/4/19,,,,,,,,,,,,,,,,,,,,,,,,,,,,,,,,,,,,,
月,2026/4/20,可燃,プラマーク,可燃,プラマーク,可燃,プラマーク,可燃,,可燃,びん・かん・ペット,可燃,,可燃,,可燃,可燃,可燃,プラマーク,可燃,プラマーク,可燃,プラマーク,可燃,,可燃,,可燃,びん・かん,可燃,,不燃・ペット,可燃,,,可燃・不燃・ペット,,
火,2026/4/21,プラマーク,可燃,プラマーク,可燃,特定,可燃,プラマーク,可燃,,可燃,プラマーク,可燃,びん・かん・ペット,可燃,特定,,プラマーク,可燃,プラマーク,可燃,特定,可燃,プラマーク,可燃,,可燃,,可燃,,可燃,可燃,不燃・ペット,,,,,
水,2026/4/22,びん・かん・ペット,不燃,,不燃,プラマーク,,,プラマーク,不燃,,びん・かん・ペット,プラマーク,,特定,びん・かん・ペット,プラマーク,びん・かん,不燃・ペット,,不燃・ペット,プラマーク,,,プラマーク,びん・かん,,不燃・ペット,不燃・ペット,プラマーク,プラマーク,プラマーク,プラマーク,全品目,可燃・不燃・プラ・ペット,プラマーク,,
木,2026/4/23,可燃,特定,可燃,,可燃,びん・かん・ペット,可燃,不燃,可燃,プラマーク,可燃,不燃,可燃,プラマーク,可燃,可燃,可燃,,可燃,特定,可燃,,可燃,不燃・ペット,可燃,プラマーク,可燃,プラマーク,可燃,不燃・ペット,,可燃,,,可燃,,可燃・不燃・プラ・ペット
金,2026/4/24,,可燃,びん・かん・ペット,可燃,びん・かん・ペット,可燃,不燃,可燃,プラマーク,可燃,,可燃,プラマーク,可燃,プラマーク,びん・かん・ペット,,可燃,特定,可燃,,可燃,不燃・ペット,可燃,プラマーク,可燃,プラマーク,可燃,不燃・ペット,可燃,可燃,,,,,可燃・不燃・プラ・ペット,
土,2026/4/25,,,,,,,,,,,,,,,,,,,,,,,,,,,,,,,,,,,,,
日,2026/4/26,,,,,,,,,,,,,,,,,,,,,,,,,,,,,,,,,,,,,
月,2026/4/27,可燃,プラマーク,可燃,プラマーク,可燃,プラマーク,可燃,特定,可燃,,可燃,,可燃,びん・かん・ペット,可燃,可燃,可燃,プラマーク,可燃,プラマーク,可燃,プラマーク,可燃,特定,可燃,特定,可燃,,可燃,,かん・特定,可燃,,,可燃・かん・特定,,
火,2026/4/28,プラマーク,可燃,プラマーク,可燃,,可燃,プラマーク,可燃,びん・かん・ペット,可燃,プラマーク,可燃,特定,可燃,,特定,プラマーク,可燃,プラマーク,可燃,,可燃,プラマーク,可燃,,可燃,,可燃,,可燃,可燃,かん・特定,,,,,
水,2026/4/29,不燃,びん・かん・ペット,不燃,びん・かん・ペット,プラマーク,特定,,プラマーク,,不燃,不燃,プラマーク,不燃,不燃,不燃,プラマーク,不燃・ペット,,不燃・ペット,びん・かん,プラマーク,特定,,プラマーク,不燃・ペット,不燃・ペット,特定,,プラマーク,プラマーク,プラマーク,プラマーク,,可燃・プラ・かん・特定,プラマーク,,
木,2026/4/30,可燃,,可燃,,可燃,不燃,可燃,びん・かん・ペット,可燃,プラマーク,可燃,びん・かん・ペット,可燃,プラマーク,可燃,可燃,可燃,,可燃,,可燃,不燃・ペット,可燃,びん・かん,可燃,プラマーク,可燃,プラマーク,可燃,かん・特定,,可燃,,,可燃,,可燃・プラ・かん・特定
金,2026/5/1,,可燃,,可燃,不燃,可燃,びん・かん・ペット,可燃,プラマーク,可燃,特定,可燃,プラマーク,可燃,プラマーク,不燃,,可燃,,可燃,不燃・ペット,可燃,びん・かん,可燃,プラマーク,可燃,プラマーク,可燃,かん・特定,可燃,可燃,,,,,可燃・プラ・かん・特定,
土,2026/5/2,,,,,,,,,,,,,,,,,,,,,,,,,,,,,,,,,,,,,
日,2026/5/3,,,,,,,,,,,,,,,,,,,,,,,,,,,,,,,,,,,,,
月,2026/5/4,,,,,,,,,,,,,,,,,,,,,,,,,,,,,,,,,,,,,
火,2026/5/5,,,,,,,,,,,,,,,,,,,,,,,,,,,,,,,,,,,,,
水,2026/5/6,びん・かん・ペット,不燃,,不燃,プラマーク,,特定,プラマーク,不燃,,びん・かん・ペット,プラマーク,,,びん・かん・ペット,プラマーク,,不燃・ペット,びん・かん,不燃・ペット,プラマーク,,特定,プラマーク,特定,,不燃・ペット,不燃・ペット,プラマーク,プラマーク,プラマーク,プラマーク,全品目,可燃・不燃・プラ・ペット,プラマーク,,
木,2026/5/7,可燃,,可燃,特定,可燃,びん・かん・ペット,可燃,不燃,可燃,プラマーク,可燃,不燃,可燃,プラマーク,可燃,可燃,可燃,,可燃,,可燃,びん・かん,可燃,不燃・ペット,可燃,プラマーク,可燃,プラマーク,可燃,不燃・ペット,,可燃,,,可燃,,可燃・不燃・プラ・ペット
金,2026/5/8,,可燃,びん・かん・ペット,可燃,びん・かん・ペット,可燃,不燃,可燃,プラマーク,可燃,,可燃,プラマーク,可燃,プラマーク,びん・かん・ペット,,可燃,,可燃,びん・かん,可燃,不燃・ペット,可燃,プラマーク,可燃,プラマーク,可燃,不燃・ペット,可燃,可燃,,,,,可燃・不燃・プラ・ペット,
土,2026/5/9,,,,,,,,,,,,,,,,,,,,,,,,,,,,,,,,,,,,,
日,2026/5/10,,,,,,,,,,,,,,,,,,,,,,,,,,,,,,,,,,,,,
月,2026/5/11,可燃,プラマーク,可燃,プラマーク,可燃,プラマーク,可燃,,可燃,特定,可燃,,可燃,びん・かん・ペット,可燃,可燃,可燃,プラマーク,可燃,プラマーク,可燃,プラマーク,可燃,,可燃,びん・かん,可燃,,可燃,,びん,可燃,,,可燃・びん,,
火,2026/5/12,プラマーク,可燃,プラマーク,可燃,,可燃,プラマーク,可燃,びん・かん・ペット,可燃,プラマーク,可燃,,可燃,,,プラマーク,可燃,プラマーク,可燃,,可燃,プラマーク,可燃,,可燃,,可燃,,可燃,可燃,びん,,,,,
水,2026/5/13,不燃,びん・かん・ペット,不燃,びん・かん・ペット,プラマーク,,,プラマーク,,不燃,不燃,プラマーク,不燃,不燃,不燃,プラマーク,不燃・ペット,びん・かん,不燃・ペット,,プラマーク,,,プラマーク,不燃・ペット,不燃・ペット,びん・かん,,プラマーク,プラマーク,プラマーク,プラマーク,,可燃・プラ・びん,プラマーク,,
木,2026/5/14,可燃,,可燃,,可燃,不燃,可燃,びん・かん・ペット,可燃,プラマーク,可燃,びん・かん・ペット,可燃,プラマーク,可燃,可燃,可燃,特定,可燃,,可燃,不燃・ペット,可燃,,可燃,プラマーク,可燃,プラマーク,可燃,びん,,可燃,,,可燃,,可燃・プラ・びん
金,2026/5/15,特定,可燃,特定,可燃,不燃,可燃,びん・かん・ペット,可燃,プラマーク,可燃,,可燃,プラマーク,可燃,プラマーク,不燃,特定,可燃,,可燃,不燃・ペット,可燃,,可燃,プラマーク,可燃,プラマーク,可燃,びん,可燃,可燃,,,,,可燃・プラ・びん,
土,2026/5/16,,,,,,,,,,,,,,,,,,,,,,,,,,,,,,,,,,,,,
日,2026/5/17,,,,,,,,,,,,,,,,,,,,,,,,,,,,,,,,,,,,,
月,2026/5/18,可燃,プラマーク,可燃,プラマーク,可燃,プラマーク,可燃,,可燃,びん・かん・ペット,可燃,,可燃,,可燃,可燃,可燃,プラマーク,可燃,プラマーク,可燃,プラマーク,可燃,,可燃,,可燃,びん・かん,可燃,,不燃・ペット,可燃,,,可燃・不燃・ペット,,
火,2026/5/19,プラマーク,可燃,プラマーク,可燃,特定,可燃,プラマーク,可燃,,可燃,プラマーク,可燃,びん・かん・ペット,可燃,特定,,プラマーク,可燃,プラマーク,可燃,特定,可燃,プラマーク,可燃,,可燃,,可燃,,可燃,可燃,不燃・ペット,,,,,
水,2026/5/20,びん・かん・ペット,不燃,,不燃,プラマーク,,,プラマーク,不燃,,びん・かん・ペット,プラマーク,,特定,びん・かん・ペット,プラマーク,びん・かん,不燃・ペット,,不燃・ペット,プラマーク,,,プラマーク,びん・かん,,不燃・ペット,不燃・ペット,プラマーク,プラマーク,プラマーク,プラマーク,全品目,可燃・不燃・プラ・ペット,プラマーク,,
木,2026/5/21,可燃,特定,可燃,,可燃,びん・かん・ペット,可燃,不燃,可燃,プラマーク,可燃,不燃,可燃,プラマーク,可燃,可燃,可燃,,可燃,特定,可燃,,可燃,不燃・ペット,可燃,プラマーク,可燃,プラマーク,可燃,不燃・ペット,,可燃,,,可燃,,可燃・不燃・プラ・ペット
金,2026/5/22,,可燃,びん・かん・ペット,可燃,びん・かん・ペット,可燃,不燃,可燃,プラマーク,可燃,,可燃,プラマーク,可燃,プラマーク,びん・かん・ペット,,可燃,特定,可燃,,可燃,不燃・ペット,可燃,プラマーク,可燃,プラマーク,可燃,不燃・ペット,可燃,可燃,,,,,可燃・不燃・プラ・ペット,
土,2026/5/23,,,,,,,,,,,,,,,,,,,,,,,,,,,,,,,,,,,,,
日,2026/5/24,,,,,,,,,,,,,,,,,,,,,,,,,,,,,,,,,,,,,
月,2026/5/25,可燃,プラマーク,可燃,プラマーク,可燃,プラマーク,可燃,特定,可燃,,可燃,,可燃,びん・かん・ペット,可燃,可燃,可燃,プラマーク,可燃,プラマーク,可燃,プラマーク,可燃,特定,可燃,特定,可燃,,可燃,,かん・特定,可燃,,,可燃・かん・特定,,
火,2026/5/26,プラマーク,可燃,プラマーク,可燃,,可燃,プラマーク,可燃,びん・かん・ペット,可燃,プラマーク,可燃,特定,可燃,,特定,プラマーク,可燃,プラマーク,可燃,,可燃,プラマーク,可燃,,可燃,,可燃,,可燃,可燃,かん・特定,,,,,
水,2026/5/27,不燃,びん・かん・ペット,不燃,びん・かん・ペット,プラマーク,特定,,プラマーク,,不燃,不燃,プラマーク,不燃,不燃,不燃,プラマーク,不燃・ペット,,不燃・ペット,びん・かん,プラマーク,特定,,プラマーク,不燃・ペット,不燃・ペット,特定,,プラマーク,プラマーク,プラマーク,プラマーク,,可燃・プラ・かん・特定,プラマーク,,
木,2026/5/28,可燃,,可燃,,可燃,不燃,可燃,びん・かん・ペット,可燃,プラマーク,可燃,びん・かん・ペット,可燃,プラマーク,可燃,可燃,可燃,,可燃,,可燃,不燃・ペット,可燃,びん・かん,可燃,プラマーク,可燃,プラマーク,可燃,かん・特定,,可燃,,,可燃,,可燃・プラ・かん・特定
金,2026/5/29,,可燃,,可燃,不燃,可燃,びん・かん・ペット,可燃,プラマーク,可燃,特定,可燃,プラマーク,可燃,プラマーク,不燃,,可燃,,可燃,不燃・ペット,可燃,びん・かん,可燃,プラマーク,可燃,プラマーク,可燃,かん・特定,可燃,可燃,,,,,可燃・プラ・かん・特定,
土,2026/5/30,,,,,,,,,,,,,,,,,,,,,,,,,,,,,,,,,,,,,
日,2026/5/31,,,,,,,,,,,,,,,,,,,,,,,,,,,,,,,,,,,,,
月,2026/6/1,可燃,プラマーク,可燃,プラマーク,可燃,プラマーク,可燃,,可燃,びん・かん・ペット,可燃,特定,可燃,,可燃,可燃,可燃,プラマーク,可燃,プラマーク,可燃,プラマーク,可燃,,可燃,,可燃,特定,可燃,,不燃・ペット,可燃,,,可燃・不燃・ペット,,
火,2026/6/2,プラマーク,可燃,プラマーク,可燃,,可燃,プラマーク,可燃,特定,可燃,プラマーク,可燃,びん・かん・ペット,可燃,,,プラマーク,可燃,プラマーク,可燃,,可燃,プラマーク,可燃,,可燃,,可燃,,可燃,可燃,不燃・ペット,,,,,
水,2026/6/3,びん・かん・ペット,不燃,,不燃,プラマーク,,特定,プラマーク,不燃,,びん・かん・ペット,プラマーク,,,びん・かん・ペット,プラマーク,,不燃・ペット,びん・かん,不燃・ペット,プラマーク,,特定,プラマーク,特定,,不燃・ペット,不燃・ペット,プラマーク,プラマーク,プラマーク,プラマーク,全品目,可燃・不燃・プラ・ペット,プラマーク,,
木,2026/6/4,可燃,,可燃,特定,可燃,びん・かん・ペット,可燃,不燃,可燃,プラマーク,可燃,不燃,可燃,プラマーク,可燃,可燃,可燃,,可燃,,可燃,びん・かん,可燃,不燃・ペット,可燃,プラマーク,可燃,プラマーク,可燃,不燃・ペット,,可燃,,,可燃,,可燃・不燃・プラ・ペット
金,2026/6/5,,可燃,びん・かん・ペット,可燃,びん・かん・ペット,可燃,不燃,可燃,プラマーク,可燃,,可燃,プラマーク,可燃,プラマーク,びん・かん・ペット,,可燃,,可燃,びん・かん,可燃,不燃・ペット,可燃,プラマーク,可燃,プラマーク,可燃,不燃・ペット,可燃,可燃,,,,,可燃・不燃・プラ・ペット,
土,2026/6/6,,,,,,,,,,,,,,,,,,,,,,,,,,,,,,,,,,,,,
日,2026/6/7,,,,,,,,,,,,,,,,,,,,,,,,,,,,,,,,,,,,,
月,2026/6/8,可燃,プラマーク,可燃,プラマーク,可燃,プラマーク,可燃,,可燃,特定,可燃,,可燃,びん・かん・ペット,可燃,可燃,可燃,プラマーク,可燃,プラマーク,可燃,プラマーク,可燃,,可燃,びん・かん,可燃,,可燃,,びん,可燃,,,可燃・びん,,
火,2026/6/9,プラマーク,可燃,プラマーク,可燃,,可燃,プラマーク,可燃,びん・かん・ペット,可燃,プラマーク,可燃,,可燃,,,プラマーク,可燃,プラマーク,可燃,,可燃,プラマーク,可燃,,可燃,,可燃,,可燃,可燃,びん,,,,,
水,2026/6/10,不燃,びん・かん・ペット,不燃,びん・かん・ペット,プラマーク,,,プラマーク,,不燃,不燃,プラマーク,不燃,不燃,不燃,プラマーク,不燃・ペット,びん・かん,不燃・ペット,,プラマーク,,,プラマーク,不燃・ペット,不燃・ペット,びん・かん,,プラマーク,プラマーク,プラマーク,プラマーク,,可燃・プラ・びん,プラマーク,,
木,2026/6/11,可燃,,可燃,,可燃,不燃,可燃,びん・かん・ペット,可燃,プラマーク,可燃,びん・かん・ペット,可燃,プラマーク,可燃,可燃,可燃,特定,可燃,,可燃,不燃・ペット,可燃,,可燃,プラマーク,可燃,プラマーク,可燃,びん,,可燃,,,可燃,,可燃・プラ・びん
金,2026/6/12,特定,可燃,特定,可燃,不燃,可燃,びん・かん・ペット,可燃,プラマーク,可燃,,可燃,プラマーク,可燃,プラマーク,不燃,特定,可燃,,可燃,不燃・ペット,可燃,,可燃,プラマーク,可燃,プラマーク,可燃,びん,可燃,可燃,,,,,可燃・プラ・びん,
土,2026/6/13,,,,,,,,,,,,,,,,,,,,,,,,,,,,,,,,,,,,,
日,2026/6/14,,,,,,,,,,,,,,,,,,,,,,,,,,,,,,,,,,,,,
月,2026/6/15,可燃,プラマーク,可燃,プラマーク,可燃,プラマーク,可燃,,可燃,びん・かん・ペット,可燃,,可燃,,可燃,可燃,可燃,プラマーク,可燃,プラマーク,可燃,プラマーク,可燃,,可燃,,可燃,びん・かん,可燃,,不燃・ペット,可燃,,,可燃・不燃・ペット,,
火,2026/6/16,プラマーク,可燃,プラマーク,可燃,特定,可燃,プラマーク,可燃,,可燃,プラマーク,可燃,びん・かん・ペット,可燃,特定,,プラマーク,可燃,プラマーク,可燃,特定,可燃,プラマーク,可燃,,可燃,,可燃,,可燃,可燃,不燃・ペット,,,,,
水,2026/6/17,びん・かん・ペット,不燃,,不燃,プラマーク,,,プラマーク,不燃,,びん・かん・ペット,プラマーク,,特定,びん・かん・ペット,プラマーク,びん・かん,不燃・ペット,,不燃・ペット,プラマーク,,,プラマーク,びん・かん,,不燃・ペット,不燃・ペット,プラマーク,プラマーク,プラマーク,プラマーク,全品目,可燃・不燃・プラ・ペット,プラマーク,,
木,2026/6/18,可燃,特定,可燃,,可燃,びん・かん・ペット,可燃,不燃,可燃,プラマーク,可燃,不燃,可燃,プラマーク,可燃,可燃,可燃,,可燃,特定,可燃,,可燃,不燃・ペット,可燃,プラマーク,可燃,プラマーク,可燃,不燃・ペット,,可燃,,,可燃,,可燃・不燃・プラ・ペット
金,2026/6/19,,可燃,びん・かん・ペット,可燃,びん・かん・ペット,可燃,不燃,可燃,プラマーク,可燃,,可燃,プラマーク,可燃,プラマーク,びん・かん・ペット,,可燃,特定,可燃,,可燃,不燃・ペット,可燃,プラマーク,可燃,プラマーク,可燃,不燃・ペット,可燃,可燃,,,,,可燃・不燃・プラ・ペット,
土,2026/6/20,,,,,,,,,,,,,,,,,,,,,,,,,,,,,,,,,,,,,
日,2026/6/21,,,,,,,,,,,,,,,,,,,,,,,,,,,,,,,,,,,,,
月,2026/6/22,可燃,プラマーク,可燃,プラマーク,可燃,プラマーク,可燃,特定,可燃,,可燃,,可燃,びん・かん・ペット,可燃,可燃,可燃,プラマーク,可燃,プラマーク,可燃,プラマーク,可燃,特定,可燃,特定,可燃,,可燃,,かん・特定,可燃,,,可燃・かん・特定,,
火,2026/6/23,プラマーク,可燃,プラマーク,可燃,,可燃,プラマーク,可燃,びん・かん・ペット,可燃,プラマーク,可燃,特定,可燃,,特定,プラマーク,可燃,プラマーク,可燃,,可燃,プラマーク,可燃,,可燃,,可燃,,可燃,可燃,かん・特定,,,,,
水,2026/6/24,不燃,びん・かん・ペット,不燃,びん・かん・ペット,プラマーク,特定,,プラマーク,,不燃,不燃,プラマーク,不燃,不燃,不燃,プラマーク,不燃・ペット,,不燃・ペット,びん・かん,プラマーク,特定,,プラマーク,不燃・ペット,不燃・ペット,特定,,プラマーク,プラマーク,プラマーク,プラマーク,,可燃・プラ・かん・特定,プラマーク,,
木,2026/6/25,可燃,,可燃,,可燃,不燃,可燃,びん・かん・ペット,可燃,プラマーク,可燃,びん・かん・ペット,可燃,プラマーク,可燃,可燃,可燃,,可燃,,可燃,不燃・ペット,可燃,びん・かん,可燃,プラマーク,可燃,プラマーク,可燃,かん・特定,,可燃,,,可燃,,可燃・プラ・かん・特定
金,2026/6/26,,可燃,,可燃,不燃,可燃,びん・かん・ペット,可燃,プラマーク,可燃,特定,可燃,プラマーク,可燃,プラマーク,不燃,,可燃,,可燃,不燃・ペット,可燃,びん・かん,可燃,プラマーク,可燃,プラマーク,可燃,かん・特定,可燃,可燃,,,,,可燃・プラ・かん・特定,
土,2026/6/27,,,,,,,,,,,,,,,,,,,,,,,,,,,,,,,,,,,,,
日,2026/6/28,,,,,,,,,,,,,,,,,,,,,,,,,,,,,,,,,,,,,
月,2026/6/29,可燃,プラマーク,可燃,プラマーク,可燃,プラマーク,可燃,,可燃,びん・かん・ペット,可燃,特定,可燃,,可燃,可燃,可燃,プラマーク,可燃,プラマーク,可燃,プラマーク,可燃,,可燃,,可燃,特定,可燃,,不燃・ペット,可燃,,,可燃・不燃・ペット,,
火,2026/6/30,プラマーク,可燃,プラマーク,可燃,,可燃,プラマーク,可燃,特定,可燃,プラマーク,可燃,びん・かん・ペット,可燃,,,プラマーク,可燃,プラマーク,可燃,,可燃,プラマーク,可燃,,可燃,,可燃,,可燃,可燃,不燃・ペット,,,,,
水,2026/7/1,びん・かん・ペット,不燃,,不燃,プラマーク,,特定,プラマーク,不燃,,びん・かん・ペット,プラマーク,,,びん・かん・ペット,プラマーク,,不燃・ペット,びん・かん,不燃・ペット,プラマーク,,特定,プラマーク,特定,,不燃・ペット,不燃・ペット,プラマーク,プラマーク,プラマーク,プラマーク,全品目,可燃・不燃・プラ・ペット,プラマーク,,
木,2026/7/2,可燃,,可燃,特定,可燃,びん・かん・ペット,可燃,不燃,可燃,プラマーク,可燃,不燃,可燃,プラマーク,可燃,可燃,可燃,,可燃,,可燃,びん・かん,可燃,不燃・ペット,可燃,プラマーク,可燃,プラマーク,可燃,不燃・ペット,,可燃,,,可燃,,可燃・不燃・プラ・ペット
金,2026/7/3,,可燃,びん・かん・ペット,可燃,びん・かん・ペット,可燃,不燃,可燃,プラマーク,可燃,,可燃,プラマーク,可燃,プラマーク,びん・かん・ペット,,可燃,,可燃,びん・かん,可燃,不燃・ペット,可燃,プラマーク,可燃,プラマーク,可燃,不燃・ペット,可燃,可燃,,,,,可燃・不燃・プラ・ペット,
土,2026/7/4,,,,,,,,,,,,,,,,,,,,,,,,,,,,,,,,,,,,,
日,2026/7/5,,,,,,,,,,,,,,,,,,,,,,,,,,,,,,,,,,,,,
月,2026/7/6,可燃,プラマーク,可燃,プラマーク,可燃,プラマーク,可燃,,可燃,特定,可燃,,可燃,びん・かん・ペット,可燃,可燃,可燃,プラマーク,可燃,プラマーク,可燃,プラマーク,可燃,,可燃,びん・かん,可燃,,可燃,,びん,可燃,,,可燃・びん,,
火,2026/7/7,プラマーク,可燃,プラマーク,可燃,,可燃,プラマーク,可燃,びん・かん・ペット,可燃,プラマーク,可燃,,可燃,,,プラマーク,可燃,プラマーク,可燃,,可燃,プラマーク,可燃,,可燃,,可燃,,可燃,可燃,びん,,,,,
水,2026/7/8,不燃,びん・かん・ペット,不燃,びん・かん・ペット,プラマーク,,,プラマーク,,不燃,不燃,プラマーク,不燃,不燃,不燃,プラマーク,不燃・ペット,びん・かん,不燃・ペット,,プラマーク,,,プラマーク,不燃・ペット,不燃・ペット,びん・かん,,プラマーク,プラマーク,プラマーク,プラマーク,,可燃・プラ・びん,プラマーク,,
木,2026/7/9,可燃,,可燃,,可燃,不燃,可燃,びん・かん・ペット,可燃,プラマーク,可燃,びん・かん・ペット,可燃,プラマーク,可燃,可燃,可燃,特定,可燃,,可燃,不燃・ペット,可燃,,可燃,プラマーク,可燃,プラマーク,可燃,びん,,可燃,,,可燃,,可燃・プラ・びん
金,2026/7/10,特定,可燃,特定,可燃,不燃,可燃,びん・かん・ペット,可燃,プラマーク,可燃,,可燃,プラマーク,可燃,プラマーク,不燃,特定,可燃,,可燃,不燃・ペット,可燃,,可燃,プラマーク,可燃,プラマーク,可燃,びん,可燃,可燃,,,,,可燃・プラ・びん,
土,2026/7/11,,,,,,,,,,,,,,,,,,,,,,,,,,,,,,,,,,,,,
日,2026/7/12,,,,,,,,,,,,,,,,,,,,,,,,,,,,,,,,,,,,,
月,2026/7/13,可燃,プラマーク,可燃,プラマーク,可燃,プラマーク,可燃,,可燃,びん・かん・ペット,可燃,,可燃,,可燃,可燃,可燃,プラマーク,可燃,プラマーク,可燃,プラマーク,可燃,,可燃,,可燃,びん・かん,可燃,,不燃・ペット,可燃,,,可燃・不燃・ペット,,
火,2026/7/14,プラマーク,可燃,プラマーク,可燃,特定,可燃,プラマーク,可燃,,可燃,プラマーク,可燃,びん・かん・ペット,可燃,特定,,プラマーク,可燃,プラマーク,可燃,特定,可燃,プラマーク,可燃,,可燃,,可燃,,可燃,可燃,不燃・ペット,,,,,
水,2026/7/15,びん・かん・ペット,不燃,,不燃,プラマーク,,,プラマーク,不燃,,びん・かん・ペット,プラマーク,,特定,びん・かん・ペット,プラマーク,びん・かん,不燃・ペット,,不燃・ペット,プラマーク,,,プラマーク,びん・かん,,不燃・ペット,不燃・ペット,プラマーク,プラマーク,プラマーク,プラマーク,全品目,可燃・不燃・プラ・ペット,プラマーク,,
木,2026/7/16,可燃,特定,可燃,,可燃,びん・かん・ペット,可燃,不燃,可燃,プラマーク,可燃,不燃,可燃,プラマーク,可燃,可燃,可燃,,可燃,特定,可燃,,可燃,不燃・ペット,可燃,プラマーク,可燃,プラマーク,可燃,不燃・ペット,,可燃,,,可燃,,可燃・不燃・プラ・ペット
金,2026/7/17,,可燃,びん・かん・ペット,可燃,びん・かん・ペット,可燃,不燃,可燃,プラマーク,可燃,,可燃,プラマーク,可燃,プラマーク,びん・かん・ペット,,可燃,特定,可燃,,可燃,不燃・ペット,可燃,プラマーク,可燃,プラマーク,可燃,不燃・ペット,可燃,可燃,,,,,可燃・不燃・プラ・ペット,
土,2026/7/18,,,,,,,,,,,,,,,,,,,,,,,,,,,,,,,,,,,,,
日,2026/7/19,,,,,,,,,,,,,,,,,,,,,,,,,,,,,,,,,,,,,
月,2026/7/20,可燃,プラマーク,可燃,プラマーク,可燃,プラマーク,可燃,特定,可燃,,可燃,,可燃,びん・かん・ペット,可燃,可燃,可燃,プラマーク,可燃,プラマーク,可燃,プラマーク,可燃,特定,可燃,特定,可燃,,可燃,,かん・特定,可燃,,,可燃・かん・特定,,
火,2026/7/21,プラマーク,可燃,プラマーク,可燃,,可燃,プラマーク,可燃,びん・かん・ペット,可燃,プラマーク,可燃,特定,可燃,,特定,プラマーク,可燃,プラマーク,可燃,,可燃,プラマーク,可燃,,可燃,,可燃,,可燃,可燃,かん・特定,,,,,
水,2026/7/22,不燃,びん・かん・ペット,不燃,びん・かん・ペット,プラマーク,特定,,プラマーク,,不燃,不燃,プラマーク,不燃,不燃,不燃,プラマーク,不燃・ペット,,不燃・ペット,びん・かん,プラマーク,特定,,プラマーク,不燃・ペット,不燃・ペット,特定,,プラマーク,プラマーク,プラマーク,プラマーク,,可燃・プラ・かん・特定,プラマーク,,
木,2026/7/23,可燃,,可燃,,可燃,不燃,可燃,びん・かん・ペット,可燃,プラマーク,可燃,びん・かん・ペット,可燃,プラマーク,可燃,可燃,可燃,,可燃,,可燃,不燃・ペット,可燃,びん・かん,可燃,プラマーク,可燃,プラマーク,可燃,かん・特定,,可燃,,,可燃,,可燃・プラ・かん・特定
金,2026/7/24,,可燃,,可燃,不燃,可燃,びん・かん・ペット,可燃,プラマーク,可燃,特定,可燃,プラマーク,可燃,プラマーク,不燃,,可燃,,可燃,不燃・ペット,可燃,びん・かん,可燃,プラマーク,可燃,プラマーク,可燃,かん・特定,可燃,可燃,,,,,可燃・プラ・かん・特定,
土,2026/7/25,,,,,,,,,,,,,,,,,,,,,,,,,,,,,,,,,,,,,
日,2026/7/26,,,,,,,,,,,,,,,,,,,,,,,,,,,,,,,,,,,,,
月,2026/7/27,可燃,プラマーク,可燃,プラマーク,可燃,プラマーク,可燃,,可燃,びん・かん・ペット,可燃,特定,可燃,,可燃,可燃,可燃,プラマーク,可燃,プラマーク,可燃,プラマーク,可燃,,可燃,,可燃,特定,可燃,,不燃・ペット,可燃,,,可燃・不燃・ペット,,
火,2026/7/28,プラマーク,可燃,プラマーク,可燃,,可燃,プラマーク,可燃,特定,可燃,プラマーク,可燃,びん・かん・ペット,可燃,,,プラマーク,可燃,プラマーク,可燃,,可燃,プラマーク,可燃,,可燃,,可燃,,可燃,可燃,不燃・ペット,,,,,
水,2026/7/29,びん・かん・ペット,不燃,,不燃,プラマーク,,特定,プラマーク,不燃,,びん・かん・ペット,プラマーク,,,びん・かん・ペット,プラマーク,,不燃・ペット,びん・かん,不燃・ペット,プラマーク,,特定,プラマーク,特定,,不燃・ペット,不燃・ペット,プラマーク,プラマーク,プラマーク,プラマーク,全品目,可燃・不燃・プラ・ペット,プラマーク,,
木,2026/7/30,可燃,,可燃,特定,可燃,びん・かん・ペット,可燃,不燃,可燃,プラマーク,可燃,不燃,可燃,プラマーク,可燃,可燃,可燃,,可燃,,可燃,びん・かん,可燃,不燃・ペット,可燃,プラマーク,可燃,プラマーク,可燃,不燃・ペット,,可燃,,,可燃,,可燃・不燃・プラ・ペット
金,2026/7/31,,可燃,びん・かん・ペット,可燃,びん・かん・ペット,可燃,不燃,可燃,プラマーク,可燃,,可燃,プラマーク,可燃,プラマーク,びん・かん・ペット,,可燃,,可燃,びん・かん,可燃,不燃・ペット,可燃,プラマーク,可燃,プラマーク,可燃,不燃・ペット,可燃,可燃,,,,,可燃・不燃・プラ・ペット,
土,2026/8/1,,,,,,,,,,,,,,,,,,,,,,,,,,,,,,,,,,,,,
日,2026/8/2,,,,,,,,,,,,,,,,,,,,,,,,,,,,,,,,,,,,,
月,2026/8/3,可燃,プラマーク,可燃,プラマーク,可燃,プラマーク,可燃,,可燃,特定,可燃,,可燃,びん・かん・ペット,可燃,可燃,可燃,プラマーク,可燃,プラマーク,可燃,プラマーク,可燃,,可燃,びん・かん,可燃,,可燃,,びん,可燃,,,可燃・びん,,
火,2026/8/4,プラマーク,可燃,プラマーク,可燃,,可燃,プラマーク,可燃,びん・かん・ペット,可燃,プラマーク,可燃,,可燃,,,プラマーク,可燃,プラマーク,可燃,,可燃,プラマーク,可燃,,可燃,,可燃,,可燃,可燃,びん,,,,,
水,2026/8/5,不燃,びん・かん・ペット,不燃,びん・かん・ペット,プラマーク,,,プラマーク,,不燃,不燃,プラマーク,不燃,不燃,不燃,プラマーク,不燃・ペット,びん・かん,不燃・ペット,,プラマーク,,,プラマーク,不燃・ペット,不燃・ペット,びん・かん,,プラマーク,プラマーク,プラマーク,プラマーク,,可燃・プラ・びん,プラマーク,,
木,2026/8/6,可燃,,可燃,,可燃,不燃,可燃,びん・かん・ペット,可燃,プラマーク,可燃,びん・かん・ペット,可燃,プラマーク,可燃,可燃,可燃,特定,可燃,,可燃,不燃・ペット,可燃,,可燃,プラマーク,可燃,プラマーク,可燃,びん,,可燃,,,可燃,,可燃・プラ・びん
金,2026/8/7,特定,可燃,特定,可燃,不燃,可燃,びん・かん・ペット,可燃,プラマーク,可燃,,可燃,プラマーク,可燃,プラマーク,不燃,特定,可燃,,可燃,不燃・ペット,可燃,,可燃,プラマーク,可燃,プラマーク,可燃,びん,可燃,可燃,,,,,可燃・プラ・びん,
土,2026/8/8,,,,,,,,,,,,,,,,,,,,,,,,,,,,,,,,,,,,,
日,2026/8/9,,,,,,,,,,,,,,,,,,,,,,,,,,,,,,,,,,,,,
月,2026/8/10,可燃,プラマーク,可燃,プラマーク,可燃,プラマーク,可燃,,可燃,びん・かん・ペット,可燃,,可燃,,可燃,可燃,可燃,プラマーク,可燃,プラマーク,可燃,プラマーク,可燃,,可燃,,可燃,びん・かん,可燃,,不燃・ペット,可燃,,,可燃・不燃・ペット,,
火,2026/8/11,プラマーク,可燃,プラマーク,可燃,特定,可燃,プラマーク,可燃,,可燃,プラマーク,可燃,びん・かん・ペット,可燃,特定,,プラマーク,可燃,プラマーク,可燃,特定,可燃,プラマーク,可燃,,可燃,,可燃,,可燃,可燃,不燃・ペット,,,,,
水,2026/8/12,びん・かん・ペット,不燃,,不燃,プラマーク,,,プラマーク,不燃,,びん・かん・ペット,プラマーク,,特定,びん・かん・ペット,プラマーク,びん・かん,不燃・ペット,,不燃・ペット,プラマーク,,,プラマーク,びん・かん,,不燃・ペット,不燃・ペット,プラマーク,プラマーク,プラマーク,プラマーク,全品目,可燃・不燃・プラ・ペット,プラマーク,,
木,2026/8/13,可燃,特定,可燃,,可燃,びん・かん・ペット,可燃,不燃,可燃,プラマーク,可燃,不燃,可燃,プラマーク,可燃,可燃,可燃,,可燃,特定,可燃,,可燃,不燃・ペット,可燃,プラマーク,可燃,プラマーク,可燃,不燃・ペット,,可燃,,,可燃,,可燃・不燃・プラ・ペット
金,2026/8/14,,可燃,びん・かん・ペット,可燃,びん・かん・ペット,可燃,不燃,可燃,プラマーク,可燃,,可燃,プラマーク,可燃,プラマーク,びん・かん・ペット,,可燃,特定,可燃,,可燃,不燃・ペット,可燃,プラマーク,可燃,プラマーク,可燃,不燃・ペット,可燃,可燃,,,,,可燃・不燃・プラ・ペット,
土,2026/8/15,,,,,,,,,,,,,,,,,,,,,,,,,,,,,,,,,,,,,
日,2026/8/16,,,,,,,,,,,,,,,,,,,,,,,,,,,,,,,,,,,,,
月,2026/8/17,可燃,プラマーク,可燃,プラマーク,可燃,プラマーク,可燃,特定,可燃,,可燃,,可燃,びん・かん・ペット,可燃,可燃,可燃,プラマーク,可燃,プラマーク,可燃,プラマーク,可燃,特定,可燃,特定,可燃,,可燃,,かん・特定,可燃,,,可燃・かん・特定,,
火,2026/8/18,プラマーク,可燃,プラマーク,可燃,,可燃,プラマーク,可燃,びん・かん・ペット,可燃,プラマーク,可燃,特定,可燃,,特定,プラマーク,可燃,プラマーク,可燃,,可燃,プラマーク,可燃,,可燃,,可燃,,可燃,可燃,かん・特定,,,,,
水,2026/8/19,不燃,びん・かん・ペット,不燃,びん・かん・ペット,プラマーク,特定,,プラマーク,,不燃,不燃,プラマーク,不燃,不燃,不燃,プラマーク,不燃・ペット,,不燃・ペット,びん・かん,プラマーク,特定,,プラマーク,不燃・ペット,不燃・ペット,特定,,プラマーク,プラマーク,プラマーク,プラマーク,,可燃・プラ・かん・特定,プラマーク,,
木,2026/8/20,可燃,,可燃,,可燃,不燃,可燃,びん・かん・ペット,可燃,プラマーク,可燃,びん・かん・ペット,可燃,プラマーク,可燃,可燃,可燃,,可燃,,可燃,不燃・ペット,可燃,びん・かん,可燃,プラマーク,可燃,プラマーク,可燃,かん・特定,,可燃,,,可燃,,可燃・プラ・かん・特定
金,2026/8/21,,可燃,,可燃,不燃,可燃,びん・かん・ペット,可燃,プラマーク,可燃,特定,可燃,プラマーク,可燃,プラマーク,不燃,,可燃,,可燃,不燃・ペット,可燃,びん・かん,可燃,プラマーク,可燃,プラマーク,可燃,かん・特定,可燃,可燃,,,,,可燃・プラ・かん・特定,
土,2026/8/22,,,,,,,,,,,,,,,,,,,,,,,,,,,,,,,,,,,,,
日,2026/8/23,,,,,,,,,,,,,,,,,,,,,,,,,,,,,,,,,,,,,
月,2026/8/24,可燃,プラマーク,可燃,プラマーク,可燃,プラマーク,可燃,,可燃,びん・かん・ペット,可燃,特定,可燃,,可燃,可燃,可燃,プラマーク,可燃,プラマーク,可燃,プラマーク,可燃,,可燃,,可燃,特定,可燃,,不燃・ペット,可燃,,,可燃・不燃・ペット,,
火,2026/8/25,プラマーク,可燃,プラマーク,可燃,,可燃,プラマーク,可燃,特定,可燃,プラマーク,可燃,びん・かん・ペット,可燃,,,プラマーク,可燃,プラマーク,可燃,,可燃,プラマーク,可燃,,可燃,,可燃,,可燃,可燃,不燃・ペット,,,,,
水,2026/8/26,びん・かん・ペット,不燃,,不燃,プラマーク,,特定,プラマーク,不燃,,びん・かん・ペット,プラマーク,,,びん・かん・ペット,プラマーク,,不燃・ペット,びん・かん,不燃・ペット,プラマーク,,特定,プラマーク,特定,,不燃・ペット,不燃・ペット,プラマーク,プラマーク,プラマーク,プラマーク,全品目,可燃・不燃・プラ・ペット,プラマーク,,
木,2026/8/27,可燃,,可燃,特定,可燃,びん・かん・ペット,可燃,不燃,可燃,プラマーク,可燃,不燃,可燃,プラマーク,可燃,可燃,可燃,,可燃,,可燃,びん・かん,可燃,不燃・ペット,可燃,プラマーク,可燃,プラマーク,可燃,不燃・ペット,,可燃,,,可燃,,可燃・不燃・プラ・ペット
金,2026/8/28,,可燃,びん・かん・ペット,可燃,びん・かん・ペット,可燃,不燃,可燃,プラマーク,可燃,,可燃,プラマーク,可燃,プラマーク,びん・かん・ペット,,可燃,,可燃,びん・かん,可燃,不燃・ペット,可燃,プラマーク,可燃,プラマーク,可燃,不燃・ペット,可燃,可燃,,,,,可燃・不燃・プラ・ペット,
土,2026/8/29,,,,,,,,,,,,,,,,,,,,,,,,,,,,,,,,,,,,,
日,2026/8/30,,,,,,,,,,,,,,,,,,,,,,,,,,,,,,,,,,,,,
月,2026/8/31,可燃,プラマーク,可燃,プラマーク,可燃,プラマーク,可燃,,可燃,特定,可燃,,可燃,びん・かん・ペット,可燃,可燃,可燃,プラマーク,可燃,プラマーク,可燃,プラマーク,可燃,,可燃,びん・かん,可燃,,可燃,,びん,可燃,,,可燃・びん,,
火,2026/9/1,プラマーク,可燃,プラマーク,可燃,,可燃,プラマーク,可燃,びん・かん・ペット,可燃,プラマーク,可燃,,可燃,,,プラマーク,可燃,プラマーク,可燃,,可燃,プラマーク,可燃,,可燃,,可燃,,可燃,可燃,びん,,,,,
水,2026/9/2,不燃,びん・かん・ペット,不燃,びん・かん・ペット,プラマーク,,,プラマーク,,不燃,不燃,プラマーク,不燃,不燃,不燃,プラマーク,不燃・ペット,びん・かん,不燃・ペット,,プラマーク,,,プラマーク,不燃・ペット,不燃・ペット,びん・かん,,プラマーク,プラマーク,プラマーク,プラマーク,,可燃・プラ・びん,プラマーク,,
木,2026/9/3,可燃,,可燃,,可燃,不燃,可燃,びん・かん・ペット,可燃,プラマーク,可燃,びん・かん・ペット,可燃,プラマーク,可燃,可燃,可燃,特定,可燃,,可燃,不燃・ペット,可燃,,可燃,プラマーク,可燃,プラマーク,可燃,びん,,可燃,,,可燃,,可燃・プラ・びん
金,2026/9/4,特定,可燃,特定,可燃,不燃,可燃,びん・かん・ペット,可燃,プラマーク,可燃,,可燃,プラマーク,可燃,プラマーク,不燃,特定,可燃,,可燃,不燃・ペット,可燃,,可燃,プラマーク,可燃,プラマーク,可燃,びん,可燃,可燃,,,,,可燃・プラ・びん,
土,2026/9/5,,,,,,,,,,,,,,,,,,,,,,,,,,,,,,,,,,,,,
日,2026/9/6,,,,,,,,,,,,,,,,,,,,,,,,,,,,,,,,,,,,,
月,2026/9/7,可燃,プラマーク,可燃,プラマーク,可燃,プラマーク,可燃,,可燃,びん・かん・ペット,可燃,,可燃,,可燃,可燃,可燃,プラマーク,可燃,プラマーク,可燃,プラマーク,可燃,,可燃,,可燃,びん・かん,可燃,,不燃・ペット,可燃,,,可燃・不燃・ペット,,
火,2026/9/8,プラマーク,可燃,プラマーク,可燃,特定,可燃,プラマーク,可燃,,可燃,プラマーク,可燃,びん・かん・ペット,可燃,特定,,プラマーク,可燃,プラマーク,可燃,特定,可燃,プラマーク,可燃,,可燃,,可燃,,可燃,可燃,不燃・ペット,,,,,
水,2026/9/9,びん・かん・ペット,不燃,,不燃,プラマーク,,,プラマーク,不燃,,びん・かん・ペット,プラマーク,,特定,びん・かん・ペット,プラマーク,びん・かん,不燃・ペット,,不燃・ペット,プラマーク,,,プラマーク,びん・かん,,不燃・ペット,不燃・ペット,プラマーク,プラマーク,プラマーク,プラマーク,全品目,可燃・不燃・プラ・ペット,プラマーク,,
木,2026/9/10,可燃,特定,可燃,,可燃,びん・かん・ペット,可燃,不燃,可燃,プラマーク,可燃,不燃,可燃,プラマーク,可燃,可燃,可燃,,可燃,特定,可燃,,可燃,不燃・ペット,可燃,プラマーク,可燃,プラマーク,可燃,不燃・ペット,,可燃,,,可燃,,可燃・不燃・プラ・ペット
金,2026/9/11,,可燃,びん・かん・ペット,可燃,びん・かん・ペット,可燃,不燃,可燃,プラマーク,可燃,,可燃,プラマーク,可燃,プラマーク,びん・かん・ペット,,可燃,特定,可燃,,可燃,不燃・ペット,可燃,プラマーク,可燃,プラマーク,可燃,不燃・ペット,可燃,可燃,,,,,可燃・不燃・プラ・ペット,
土,2026/9/12,,,,,,,,,,,,,,,,,,,,,,,,,,,,,,,,,,,,,
日,2026/9/13,,,,,,,,,,,,,,,,,,,,,,,,,,,,,,,,,,,,,
月,2026/9/14,可燃,プラマーク,可燃,プラマーク,可燃,プラマーク,可燃,特定,可燃,,可燃,,可燃,びん・かん・ペット,可燃,可燃,可燃,プラマーク,可燃,プラマーク,可燃,プラマーク,可燃,特定,可燃,特定,可燃,,可燃,,かん・特定,可燃,,,可燃・かん・特定,,
火,2026/9/15,プラマーク,可燃,プラマーク,可燃,,可燃,プラマーク,可燃,びん・かん・ペット,可燃,プラマーク,可燃,特定,可燃,,特定,プラマーク,可燃,プラマーク,可燃,,可燃,プラマーク,可燃,,可燃,,可燃,,可燃,可燃,かん・特定,,,,,
水,2026/9/16,不燃,びん・かん・ペット,不燃,びん・かん・ペット,プラマーク,特定,,プラマーク,,不燃,不燃,プラマーク,不燃,不燃,不燃,プラマーク,不燃・ペット,,不燃・ペット,びん・かん,プラマーク,特定,,プラマーク,不燃・ペット,不燃・ペット,特定,,プラマーク,プラマーク,プラマーク,プラマーク,,可燃・プラ・かん・特定,プラマーク,,
木,2026/9/17,可燃,,可燃,,可燃,不燃,可燃,びん・かん・ペット,可燃,プラマーク,可燃,びん・かん・ペット,可燃,プラマーク,可燃,可燃,可燃,,可燃,,可燃,不燃・ペット,可燃,びん・かん,可燃,プラマーク,可燃,プラマーク,可燃,かん・特定,,可燃,,,可燃,,可燃・プラ・かん・特定
金,2026/9/18,,可燃,,可燃,不燃,可燃,びん・かん・ペット,可燃,プラマーク,可燃,特定,可燃,プラマーク,可燃,プラマーク,不燃,,可燃,,可燃,不燃・ペット,可燃,びん・かん,可燃,プラマーク,可燃,プラマーク,可燃,かん・特定,可燃,可燃,,,,,可燃・プラ・かん・特定,
土,2026/9/19,,,,,,,,,,,,,,,,,,,,,,,,,,,,,,,,,,,,,
日,2026/9/20,,,,,,,,,,,,,,,,,,,,,,,,,,,,,,,,,,,,,
月,2026/9/21,可燃,プラマーク,可燃,プラマーク,可燃,プラマーク,可燃,,可燃,びん・かん・ペット,可燃,特定,可燃,,可燃,可燃,可燃,プラマーク,可燃,プラマーク,可燃,プラマーク,可燃,,可燃,,可燃,特定,可燃,,不燃・ペット,可燃,,,可燃・不燃・ペット,,
火,2026/9/22,プラマーク,可燃,プラマーク,可燃,,可燃,プラマーク,可燃,特定,可燃,プラマーク,可燃,びん・かん・ペット,可燃,,,プラマーク,可燃,プラマーク,可燃,,可燃,プラマーク,可燃,,可燃,,可燃,,可燃,可燃,不燃・ペット,,,,,
水,2026/9/23,びん・かん・ペット,不燃,,不燃,プラマーク,,特定,プラマーク,不燃,,びん・かん・ペット,プラマーク,,,びん・かん・ペット,プラマーク,,不燃・ペット,びん・かん,不燃・ペット,プラマーク,,特定,プラマーク,特定,,不燃・ペット,不燃・ペット,プラマーク,プラマーク,プラマーク,プラマーク,全品目,可燃・不燃・プラ・ペット,プラマーク,,
木,2026/9/24,可燃,,可燃,特定,可燃,びん・かん・ペット,可燃,不燃,可燃,プラマーク,可燃,不燃,可燃,プラマーク,可燃,可燃,可燃,,可燃,,可燃,びん・かん,可燃,不燃・ペット,可燃,プラマーク,可燃,プラマーク,可燃,不燃・ペット,,可燃,,,可燃,,可燃・不燃・プラ・ペット
金,2026/9/25,,可燃,びん・かん・ペット,可燃,びん・かん・ペット,可燃,不燃,可燃,プラマーク,可燃,,可燃,プラマーク,可燃,プラマーク,びん・かん・ペット,,可燃,,可燃,びん・かん,可燃,不燃・ペット,可燃,プラマーク,可燃,プラマーク,可燃,不燃・ペット,可燃,可燃,,,,,可燃・不燃・プラ・ペット,
土,2026/9/26,,,,,,,,,,,,,,,,,,,,,,,,,,,,,,,,,,,,,
日,2026/9/27,,,,,,,,,,,,,,,,,,,,,,,,,,,,,,,,,,,,,
月,2026/9/28,可燃,プラマーク,可燃,プラマーク,可燃,プラマーク,可燃,,可燃,特定,可燃,,可燃,びん・かん・ペット,可燃,可燃,可燃,プラマーク,可燃,プラマーク,可燃,プラマーク,可燃,,可燃,びん・かん,可燃,,可燃,,びん,可燃,,,可燃・びん,,
火,2026/9/29,プラマーク,可燃,プラマーク,可燃,,可燃,プラマーク,可燃,びん・かん・ペット,可燃,プラマーク,可燃,,可燃,,,プラマーク,可燃,プラマーク,可燃,,可燃,プラマーク,可燃,,可燃,,可燃,,可燃,可燃,びん,,,,,
水,2026/9/30,不燃,びん・かん・ペット,不燃,びん・かん・ペット,プラマーク,,,プラマーク,,不燃,不燃,プラマーク,不燃,不燃,不燃,プラマーク,不燃・ペット,びん・かん,不燃・ペット,,プラマーク,,,プラマーク,不燃・ペット,不燃・ペット,びん・かん,,プラマーク,プラマーク,プラマーク,プラマーク,,可燃・プラ・びん,プラマーク,,
木,2026/10/1,可燃,,可燃,,可燃,不燃,可燃,びん・かん・ペット,可燃,プラマーク,可燃,びん・かん・ペット,可燃,プラマーク,可燃,可燃,可燃,特定,可燃,,可燃,不燃・ペット,可燃,,可燃,プラマーク,可燃,プラマーク,可燃,びん,,可燃,,,可燃,,可燃・プラ・びん
金,2026/10/2,特定,可燃,特定,可燃,不燃,可燃,びん・かん・ペット,可燃,プラマーク,可燃,,可燃,プラマーク,可燃,プラマーク,不燃,特定,可燃,,可燃,不燃・ペット,可燃,,可燃,プラマーク,可燃,プラマーク,可燃,びん,可燃,可燃,,,,,可燃・プラ・びん,
土,2026/10/3,,,,,,,,,,,,,,,,,,,,,,,,,,,,,,,,,,,,,
日,2026/10/4,,,,,,,,,,,,,,,,,,,,,,,,,,,,,,,,,,,,,
月,2026/10/5,可燃,プラマーク,可燃,プラマーク,可燃,プラマーク,可燃,,可燃,びん・かん・ペット,可燃,,可燃,,可燃,可燃,可燃,プラマーク,可燃,プラマーク,可燃,プラマーク,可燃,,可燃,,可燃,びん・かん,可燃,,不燃・ペット,可燃,,,可燃・不燃・ペット,,
火,2026/10/6,プラマーク,可燃,プラマーク,可燃,特定,可燃,プラマーク,可燃,,可燃,プラマーク,可燃,びん・かん・ペット,可燃,特定,,プラマーク,可燃,プラマーク,可燃,特定,可燃,プラマーク,可燃,,可燃,,可燃,,可燃,可燃,不燃・ペット,,,,,
水,2026/10/7,びん・かん・ペット,不燃,,不燃,プラマーク,,,プラマーク,不燃,,びん・かん・ペット,プラマーク,,特定,びん・かん・ペット,プラマーク,びん・かん,不燃・ペット,,不燃・ペット,プラマーク,,,プラマーク,びん・かん,,不燃・ペット,不燃・ペット,プラマーク,プラマーク,プラマーク,プラマーク,全品目,可燃・不燃・プラ・ペット,プラマーク,,
木,2026/10/8,可燃,特定,可燃,,可燃,びん・かん・ペット,可燃,不燃,可燃,プラマーク,可燃,不燃,可燃,プラマーク,可燃,可燃,可燃,,可燃,特定,可燃,,可燃,不燃・ペット,可燃,プラマーク,可燃,プラマーク,可燃,不燃・ペット,,可燃,,,可燃,,可燃・不燃・プラ・ペット
金,2026/10/9,,可燃,びん・かん・ペット,可燃,びん・かん・ペット,可燃,不燃,可燃,プラマーク,可燃,,可燃,プラマーク,可燃,プラマーク,びん・かん・ペット,,可燃,特定,可燃,,可燃,不燃・ペット,可燃,プラマーク,可燃,プラマーク,可燃,不燃・ペット,可燃,可燃,,,,,可燃・不燃・プラ・ペット,
土,2026/10/10,,,,,,,,,,,,,,,,,,,,,,,,,,,,,,,,,,,,,
日,2026/10/11,,,,,,,,,,,,,,,,,,,,,,,,,,,,,,,,,,,,,
月,2026/10/12,可燃,プラマーク,可燃,プラマーク,可燃,プラマーク,可燃,特定,可燃,,可燃,,可燃,びん・かん・ペット,可燃,可燃,可燃,プラマーク,可燃,プラマーク,可燃,プラマーク,可燃,特定,可燃,特定,可燃,,可燃,,かん・特定,可燃,,,可燃・かん・特定,,
火,2026/10/13,プラマーク,可燃,プラマーク,可燃,,可燃,プラマーク,可燃,びん・かん・ペット,可燃,プラマーク,可燃,特定,可燃,,特定,プラマーク,可燃,プラマーク,可燃,,可燃,プラマーク,可燃,,可燃,,可燃,,可燃,可燃,かん・特定,,,,,
水,2026/10/14,不燃,びん・かん・ペット,不燃,びん・かん・ペット,プラマーク,特定,,プラマーク,,不燃,不燃,プラマーク,不燃,不燃,不燃,プラマーク,不燃・ペット,,不燃・ペット,びん・かん,プラマーク,特定,,プラマーク,不燃・ペット,不燃・ペット,特定,,プラマーク,プラマーク,プラマーク,プラマーク,,可燃・プラ・かん・特定,プラマーク,,
木,2026/10/15,可燃,,可燃,,可燃,不燃,可燃,びん・かん・ペット,可燃,プラマーク,可燃,びん・かん・ペット,可燃,プラマーク,可燃,可燃,可燃,,可燃,,可燃,不燃・ペット,可燃,びん・かん,可燃,プラマーク,可燃,プラマーク,可燃,かん・特定,,可燃,,,可燃,,可燃・プラ・かん・特定
金,2026/10/16,,可燃,,可燃,不燃,可燃,びん・かん・ペット,可燃,プラマーク,可燃,特定,可燃,プラマーク,可燃,プラマーク,不燃,,可燃,,可燃,不燃・ペット,可燃,びん・かん,可燃,プラマーク,可燃,プラマーク,可燃,かん・特定,可燃,可燃,,,,,可燃・プラ・かん・特定,
土,2026/10/17,,,,,,,,,,,,,,,,,,,,,,,,,,,,,,,,,,,,,
日,2026/10/18,,,,,,,,,,,,,,,,,,,,,,,,,,,,,,,,,,,,,
月,2026/10/19,可燃,プラマーク,可燃,プラマーク,可燃,プラマーク,可燃,,可燃,びん・かん・ペット,可燃,特定,可燃,,可燃,可燃,可燃,プラマーク,可燃,プラマーク,可燃,プラマーク,可燃,,可燃,,可燃,特定,可燃,,不燃・ペット,可燃,,,可燃・不燃・ペット,,
火,2026/10/20,プラマーク,可燃,プラマーク,可燃,,可燃,プラマーク,可燃,特定,可燃,プラマーク,可燃,びん・かん・ペット,可燃,,,プラマーク,可燃,プラマーク,可燃,,可燃,プラマーク,可燃,,可燃,,可燃,,可燃,可燃,不燃・ペット,,,,,
水,2026/10/21,びん・かん・ペット,不燃,,不燃,プラマーク,,特定,プラマーク,不燃,,びん・かん・ペット,プラマーク,,,びん・かん・ペット,プラマーク,,不燃・ペット,びん・かん,不燃・ペット,プラマーク,,特定,プラマーク,特定,,不燃・ペット,不燃・ペット,プラマーク,プラマーク,プラマーク,プラマーク,全品目,可燃・不燃・プラ・ペット,プラマーク,,
木,2026/10/22,可燃,,可燃,特定,可燃,びん・かん・ペット,可燃,不燃,可燃,プラマーク,可燃,不燃,可燃,プラマーク,可燃,可燃,可燃,,可燃,,可燃,びん・かん,可燃,不燃・ペット,可燃,プラマーク,可燃,プラマーク,可燃,不燃・ペット,,可燃,,,可燃,,可燃・不燃・プラ・ペット
金,2026/10/23,,可燃,びん・かん・ペット,可燃,びん・かん・ペット,可燃,不燃,可燃,プラマーク,可燃,,可燃,プラマーク,可燃,プラマーク,びん・かん・ペット,,可燃,,可燃,びん・かん,可燃,不燃・ペット,可燃,プラマーク,可燃,プラマーク,可燃,不燃・ペット,可燃,可燃,,,,,可燃・不燃・プラ・ペット,
土,2026/10/24,,,,,,,,,,,,,,,,,,,,,,,,,,,,,,,,,,,,,
日,2026/10/25,,,,,,,,,,,,,,,,,,,,,,,,,,,,,,,,,,,,,
月,2026/10/26,可燃,プラマーク,可燃,プラマーク,可燃,プラマーク,可燃,,可燃,特定,可燃,,可燃,びん・かん・ペット,可燃,可燃,可燃,プラマーク,可燃,プラマーク,可燃,プラマーク,可燃,,可燃,びん・かん,可燃,,可燃,,びん,可燃,,,可燃・びん,,
火,2026/10/27,プラマーク,可燃,プラマーク,可燃,,可燃,プラマーク,可燃,びん・かん・ペット,可燃,プラマーク,可燃,,可燃,,,プラマーク,可燃,プラマーク,可燃,,可燃,プラマーク,可燃,,可燃,,可燃,,可燃,可燃,びん,,,,,
水,2026/10/28,不燃,びん・かん・ペット,不燃,びん・かん・ペット,プラマーク,,,プラマーク,,不燃,不燃,プラマーク,不燃,不燃,不燃,プラマーク,不燃・ペット,びん・かん,不燃・ペット,,プラマーク,,,プラマーク,不燃・ペット,不燃・ペット,びん・かん,,プラマーク,プラマーク,プラマーク,プラマーク,,可燃・プラ・びん,プラマーク,,
木,2026/10/29,可燃,,可燃,,可燃,不燃,可燃,びん・かん・ペット,可燃,プラマーク,可燃,びん・かん・ペット,可燃,プラマーク,可燃,可燃,可燃,特定,可燃,,可燃,不燃・ペット,可燃,,可燃,プラマーク,可燃,プラマーク,可燃,びん,,可燃,,,可燃,,可燃・プラ・びん
金,2026/10/30,特定,可燃,特定,可燃,不燃,可燃,びん・かん・ペット,可燃,プラマーク,可燃,,可燃,プラマーク,可燃,プラマーク,不燃,特定,可燃,,可燃,不燃・ペット,可燃,,可燃,プラマーク,可燃,プラマーク,可燃,びん,可燃,可燃,,,,,可燃・プラ・びん,
土,2026/10/31,,,,,,,,,,,,,,,,,,,,,,,,,,,,,,,,,,,,,
日,2026/11/1,,,,,,,,,,,,,,,,,,,,,,,,,,,,,,,,,,,,,
月,2026/11/2,可燃,プラマーク,可燃,プラマーク,可燃,プラマーク,可燃,,可燃,びん・かん・ペット,可燃,,可燃,,可燃,可燃,可燃,プラマーク,可燃,プラマーク,可燃,プラマーク,可燃,,可燃,,可燃,びん・かん,可燃,,不燃・ペット,可燃,,,可燃・不燃・ペット,,
火,2026/11/3,プラマーク,可燃,プラマーク,可燃,特定,可燃,プラマーク,可燃,,可燃,プラマーク,可燃,びん・かん・ペット,可燃,特定,,プラマーク,可燃,プラマーク,可燃,特定,可燃,プラマーク,可燃,,可燃,,可燃,,可燃,可燃,不燃・ペット,,,,,
水,2026/11/4,びん・かん・ペット,不燃,,不燃,プラマーク,,,プラマーク,不燃,,びん・かん・ペット,プラマーク,,特定,びん・かん・ペット,プラマーク,びん・かん,不燃・ペット,,不燃・ペット,プラマーク,,,プラマーク,びん・かん,,不燃・ペット,不燃・ペット,プラマーク,プラマーク,プラマーク,プラマーク,全品目,可燃・不燃・プラ・ペット,プラマーク,,
木,2026/11/5,可燃,特定,可燃,,可燃,びん・かん・ペット,可燃,不燃,可燃,プラマーク,可燃,不燃,可燃,プラマーク,可燃,可燃,可燃,,可燃,特定,可燃,,可燃,不燃・ペット,可燃,プラマーク,可燃,プラマーク,可燃,不燃・ペット,,可燃,,,可燃,,可燃・不燃・プラ・ペット
金,2026/11/6,,可燃,びん・かん・ペット,可燃,びん・かん・ペット,可燃,不燃,可燃,プラマーク,可燃,,可燃,プラマーク,可燃,プラマーク,びん・かん・ペット,,可燃,特定,可燃,,可燃,不燃・ペット,可燃,プラマーク,可燃,プラマーク,可燃,不燃・ペット,可燃,可燃,,,,,可燃・不燃・プラ・ペット,
土,2026/11/7,,,,,,,,,,,,,,,,,,,,,,,,,,,,,,,,,,,,,
日,2026/11/8,,,,,,,,,,,,,,,,,,,,,,,,,,,,,,,,,,,,,
月,2026/11/9,可燃,プラマーク,可燃,プラマーク,可燃,プラマーク,可燃,特定,可燃,,可燃,,可燃,びん・かん・ペット,可燃,可燃,可燃,プラマーク,可燃,プラマーク,可燃,プラマーク,可燃,特定,可燃,特定,可燃,,可燃,,かん・特定,可燃,,,可燃・かん・特定,,
火,2026/11/10,プラマーク,可燃,プラマーク,可燃,,可燃,プラマーク,可燃,びん・かん・ペット,可燃,プラマーク,可燃,特定,可燃,,特定,プラマーク,可燃,プラマーク,可燃,,可燃,プラマーク,可燃,,可燃,,可燃,,可燃,可燃,かん・特定,,,,,
水,2026/11/11,不燃,びん・かん・ペット,不燃,びん・かん・ペット,プラマーク,特定,,プラマーク,,不燃,不燃,プラマーク,不燃,不燃,不燃,プラマーク,不燃・ペット,,不燃・ペット,びん・かん,プラマーク,特定,,プラマーク,不燃・ペット,不燃・ペット,特定,,プラマーク,プラマーク,プラマーク,プラマーク,,可燃・プラ・かん・特定,プラマーク,,
木,2026/11/12,可燃,,可燃,,可燃,不燃,可燃,びん・かん・ペット,可燃,プラマーク,可燃,びん・かん・ペット,可燃,プラマーク,可燃,可燃,可燃,,可燃,,可燃,不燃・ペット,可燃,びん・かん,可燃,プラマーク,可燃,プラマーク,可燃,かん・特定,,可燃,,,可燃,,可燃・プラ・かん・特定
金,2026/11/13,,可燃,,可燃,不燃,可燃,びん・かん・ペット,可燃,プラマーク,可燃,特定,可燃,プラマーク,可燃,プラマーク,不燃,,可燃,,可燃,不燃・ペット,可燃,びん・かん,可燃,プラマーク,可燃,プラマーク,可燃,かん・特定,可燃,可燃,,,,,可燃・プラ・かん・特定,
土,2026/11/14,,,,,,,,,,,,,,,,,,,,,,,,,,,,,,,,,,,,,
日,2026/11/15,,,,,,,,,,,,,,,,,,,,,,,,,,,,,,,,,,,,,
月,2026/11/16,可燃,プラマーク,可燃,プラマーク,可燃,プラマーク,可燃,,可燃,びん・かん・ペット,可燃,特定,可燃,,可燃,可燃,可燃,プラマーク,可燃,プラマーク,可燃,プラマーク,可燃,,可燃,,可燃,特定,可燃,,不燃・ペット,可燃,,,可燃・不燃・ペット,,
火,2026/11/17,プラマーク,可燃,プラマーク,可燃,,可燃,プラマーク,可燃,特定,可燃,プラマーク,可燃,びん・かん・ペット,可燃,,,プラマーク,可燃,プラマーク,可燃,,可燃,プラマーク,可燃,,可燃,,可燃,,可燃,可燃,不燃・ペット,,,,,
水,2026/11/18,びん・かん・ペット,不燃,,不燃,プラマーク,,特定,プラマーク,不燃,,びん・かん・ペット,プラマーク,,,びん・かん・ペット,プラマーク,,不燃・ペット,びん・かん,不燃・ペット,プラマーク,,特定,プラマーク,特定,,不燃・ペット,不燃・ペット,プラマーク,プラマーク,プラマーク,プラマーク,全品目,可燃・不燃・プラ・ペット,プラマーク,,
木,2026/11/19,可燃,,可燃,特定,可燃,びん・かん・ペット,可燃,不燃,可燃,プラマーク,可燃,不燃,可燃,プラマーク,可燃,可燃,可燃,,可燃,,可燃,びん・かん,可燃,不燃・ペット,可燃,プラマーク,可燃,プラマーク,可燃,不燃・ペット,,可燃,,,可燃,,可燃・不燃・プラ・ペット
金,2026/11/20,,可燃,びん・かん・ペット,可燃,びん・かん・ペット,可燃,不燃,可燃,プラマーク,可燃,,可燃,プラマーク,可燃,プラマーク,びん・かん・ペット,,可燃,,可燃,びん・かん,可燃,不燃・ペット,可燃,プラマーク,可燃,プラマーク,可燃,不燃・ペット,可燃,可燃,,,,,可燃・不燃・プラ・ペット,
土,2026/11/21,,,,,,,,,,,,,,,,,,,,,,,,,,,,,,,,,,,,,
日,2026/11/22,,,,,,,,,,,,,,,,,,,,,,,,,,,,,,,,,,,,,
月,2026/11/23,可燃,プラマーク,可燃,プラマーク,可燃,プラマーク,可燃,,可燃,特定,可燃,,可燃,びん・かん・ペット,可燃,可燃,可燃,プラマーク,可燃,プラマーク,可燃,プラマーク,可燃,,可燃,びん・かん,可燃,,可燃,,びん,可燃,,,可燃・びん,,
火,2026/11/24,プラマーク,可燃,プラマーク,可燃,,可燃,プラマーク,可燃,びん・かん・ペット,可燃,プラマーク,可燃,,可燃,,,プラマーク,可燃,プラマーク,可燃,,可燃,プラマーク,可燃,,可燃,,可燃,,可燃,可燃,びん,,,,,
水,2026/11/25,不燃,びん・かん・ペット,不燃,びん・かん・ペット,プラマーク,,,プラマーク,,不燃,不燃,プラマーク,不燃,不燃,不燃,プラマーク,不燃・ペット,びん・かん,不燃・ペット,,プラマーク,,,プラマーク,不燃・ペット,不燃・ペット,びん・かん,,プラマーク,プラマーク,プラマーク,プラマーク,,可燃・プラ・びん,プラマーク,,
木,2026/11/26,可燃,,可燃,,可燃,不燃,可燃,びん・かん・ペット,可燃,プラマーク,可燃,びん・かん・ペット,可燃,プラマーク,可燃,可燃,可燃,特定,可燃,,可燃,不燃・ペット,可燃,,可燃,プラマーク,可燃,プラマーク,可燃,びん,,可燃,,,可燃,,可燃・プラ・びん
金,2026/11/27,特定,可燃,特定,可燃,不燃,可燃,びん・かん・ペット,可燃,プラマーク,可燃,,可燃,プラマーク,可燃,プラマーク,不燃,特定,可燃,,可燃,不燃・ペット,可燃,,可燃,プラマーク,可燃,プラマーク,可燃,びん,可燃,可燃,,,,,可燃・プラ・びん,
土,2026/11/28,,,,,,,,,,,,,,,,,,,,,,,,,,,,,,,,,,,,,
日,2026/11/29,,,,,,,,,,,,,,,,,,,,,,,,,,,,,,,,,,,,,
月,2026/11/30,可燃,プラマーク,可燃,プラマーク,可燃,プラマーク,可燃,,可燃,びん・かん・ペット,可燃,,可燃,,可燃,可燃,可燃,プラマーク,可燃,プラマーク,可燃,プラマーク,可燃,,可燃,,可燃,びん・かん,可燃,,不燃・ペット,可燃,,,可燃・不燃・ペット,,
火,2026/12/1,プラマーク,可燃,プラマーク,可燃,特定,可燃,プラマーク,可燃,,可燃,プラマーク,可燃,びん・かん・ペット,可燃,特定,,プラマーク,可燃,プラマーク,可燃,特定,可燃,プラマーク,可燃,,可燃,,可燃,,可燃,可燃,不燃・ペット,,,,,
水,2026/12/2,びん・かん・ペット,不燃,,不燃,プラマーク,,,プラマーク,不燃,,びん・かん・ペット,プラマーク,,特定,びん・かん・ペット,プラマーク,びん・かん,不燃・ペット,,不燃・ペット,プラマーク,,,プラマーク,びん・かん,,不燃・ペット,不燃・ペット,プラマーク,プラマーク,プラマーク,プラマーク,全品目,可燃・不燃・プラ・ペット,プラマーク,,
木,2026/12/3,可燃,特定,可燃,,可燃,びん・かん・ペット,可燃,不燃,可燃,プラマーク,可燃,不燃,可燃,プラマーク,可燃,可燃,可燃,,可燃,特定,可燃,,可燃,不燃・ペット,可燃,プラマーク,可燃,プラマーク,可燃,不燃・ペット,,可燃,,,可燃,,可燃・不燃・プラ・ペット
金,2026/12/4,,可燃,びん・かん・ペット,可燃,びん・かん・ペット,可燃,不燃,可燃,プラマーク,可燃,,可燃,プラマーク,可燃,プラマーク,びん・かん・ペット,,可燃,特定,可燃,,可燃,不燃・ペット,可燃,プラマーク,可燃,プラマーク,可燃,不燃・ペット,可燃,可燃,,,,,可燃・不燃・プラ・ペット,
土,2026/12/5,,,,,,,,,,,,,,,,,,,,,,,,,,,,,,,,,,,,,
日,2026/12/6,,,,,,,,,,,,,,,,,,,,,,,,,,,,,,,,,,,,,
月,2026/12/7,可燃,プラマーク,可燃,プラマーク,可燃,プラマーク,可燃,特定,可燃,,可燃,,可燃,びん・かん・ペット,可燃,可燃,可燃,プラマーク,可燃,プラマーク,可燃,プラマーク,可燃,特定,可燃,特定,可燃,,可燃,,かん・特定,可燃,,,可燃・かん・特定,,
火,2026/12/8,プラマーク,可燃,プラマーク,可燃,,可燃,プラマーク,可燃,びん・かん・ペット,可燃,プラマーク,可燃,特定,可燃,,特定,プラマーク,可燃,プラマーク,可燃,,可燃,プラマーク,可燃,,可燃,,可燃,,可燃,可燃,かん・特定,,,,,
水,2026/12/9,不燃,びん・かん・ペット,不燃,びん・かん・ペット,プラマーク,特定,,プラマーク,,不燃,不燃,プラマーク,不燃,不燃,不燃,プラマーク,不燃・ペット,,不燃・ペット,びん・かん,プラマーク,特定,,プラマーク,不燃・ペット,不燃・ペット,特定,,プラマーク,プラマーク,プラマーク,プラマーク,,可燃・プラ・かん・特定,プラマーク,,
木,2026/12/10,可燃,,可燃,,可燃,不燃,可燃,びん・かん・ペット,可燃,プラマーク,可燃,びん・かん・ペット,可燃,プラマーク,可燃,可燃,可燃,,可燃,,可燃,不燃・ペット,可燃,びん・かん,可燃,プラマーク,可燃,プラマーク,可燃,かん・特定,,可燃,,,可燃,,可燃・プラ・かん・特定
金,2026/12/11,,可燃,,可燃,不燃,可燃,びん・かん・ペット,可燃,プラマーク,可燃,特定,可燃,プラマーク,可燃,プラマーク,不燃,,可燃,,可燃,不燃・ペット,可燃,びん・かん,可燃,プラマーク,可燃,プラマーク,可燃,かん・特定,可燃,可燃,,,,,可燃・プラ・かん・特定,
土,2026/12/12,,,,,,,,,,,,,,,,,,,,,,,,,,,,,,,,,,,,,
日,2026/12/13,,,,,,,,,,,,,,,,,,,,,,,,,,,,,,,,,,,,,
月,2026/12/14,可燃,プラマーク,可燃,プラマーク,可燃,プラマーク,可燃,,可燃,びん・かん・ペット,可燃,特定,可燃,,可燃,可燃,可燃,プラマーク,可燃,プラマーク,可燃,プラマーク,可燃,,可燃,,可燃,特定,可燃,,不燃・ペット,可燃,,,可燃・不燃・ペット,,
火,2026/12/15,プラマーク,可燃,プラマーク,可燃,,可燃,プラマーク,可燃,特定,可燃,プラマーク,可燃,びん・かん・ペット,可燃,,,プラマーク,可燃,プラマーク,可燃,,可燃,プラマーク,可燃,,可燃,,可燃,,可燃,可燃,不燃・ペット,,,,,
水,2026/12/16,びん・かん・ペット,不燃,,不燃,プラマーク,,特定,プラマーク,不燃,,びん・かん・ペット,プラマーク,,,びん・かん・ペット,プラマーク,,不燃・ペット,びん・かん,不燃・ペット,プラマーク,,特定,プラマーク,特定,,不燃・ペット,不燃・ペット,プラマーク,プラマーク,プラマーク,プラマーク,全品目,可燃・不燃・プラ・ペット,プラマーク,,
木,2026/12/17,可燃,,可燃,特定,可燃,びん・かん・ペット,可燃,不燃,可燃,プラマーク,可燃,不燃,可燃,プラマーク,可燃,可燃,可燃,,可燃,,可燃,びん・かん,可燃,不燃・ペット,可燃,プラマーク,可燃,プラマーク,可燃,不燃・ペット,,可燃,,,可燃,,可燃・不燃・プラ・ペット
金,2026/12/18,,可燃,びん・かん・ペット,可燃,びん・かん・ペット,可燃,不燃,可燃,プラマーク,可燃,,可燃,プラマーク,可燃,プラマーク,びん・かん・ペット,,可燃,,可燃,びん・かん,可燃,不燃・ペット,可燃,プラマーク,可燃,プラマーク,可燃,不燃・ペット,可燃,可燃,,,,,可燃・不燃・プラ・ペット,
土,2026/12/19,,,,,,,,,,,,,,,,,,,,,,,,,,,,,,,,,,,,,
日,2026/12/20,,,,,,,,,,,,,,,,,,,,,,,,,,,,,,,,,,,,,
月,2026/12/21,可燃,プラマーク,可燃,プラマーク,可燃,プラマーク,可燃,,可燃,特定,可燃,,可燃,びん・かん・ペット,可燃,可燃,可燃,プラマーク,可燃,プラマーク,可燃,プラマーク,可燃,,可燃,びん・かん,可燃,,可燃,,びん,可燃,,,可燃・びん,,
火,2026/12/22,プラマーク,可燃,プラマーク,可燃,,可燃,プラマーク,可燃,びん・かん・ペット,可燃,プラマーク,可燃,,可燃,,,プラマーク,可燃,プラマーク,可燃,,可燃,プラマーク,可燃,,可燃,,可燃,,可燃,可燃,びん,,,,,
水,2026/12/23,不燃,びん・かん・ペット,不燃,びん・かん・ペット,プラマーク,,,プラマーク,,不燃,不燃,プラマーク,不燃,不燃,不燃,プラマーク,不燃・ペット,びん・かん,不燃・ペット,,プラマーク,,,プラマーク,不燃・ペット,不燃・ペット,びん・かん,,プラマーク,プラマーク,プラマーク,プラマーク,,可燃・プラ・びん,プラマーク,,
木,2026/12/24,可燃,,可燃,,可燃,不燃,可燃,びん・かん・ペット,可燃,プラマーク,可燃,びん・かん・ペット,可燃,プラマーク,可燃,可燃,可燃,特定,可燃,,可燃,不燃・ペット,可燃,,可燃,プラマーク,可燃,プラマーク,可燃,びん,,可燃,,,可燃,,可燃・プラ・びん
金,2026/12/25,特定,可燃,特定,可燃,不燃,可燃,びん・かん・ペット,可燃,プラマーク,可燃,,可燃,プラマーク,可燃,プラマーク,不燃,特定,可燃,,可燃,不燃・ペット,可燃,,可燃,プラマーク,可燃,プラマーク,可燃,びん,可燃,可燃,,,,,可燃・プラ・びん,
土,2026/12/26,,,,,,,,,,,,,,,,,,,,,,,,,,,,,,,,,,,,,
日,2026/12/27,,,,,,,,,,,,,,,,,,,,,,,,,,,,,,,,,,,,,
月,2026/12/28,可燃,プラマーク,可燃,プラマーク,可燃,プラマーク,可燃,,可燃,びん・かん・ペット,可燃,,可燃,,可燃,可燃,可燃,プラマーク,可燃,プラマーク,可燃,プラマーク,可燃,,可燃,,可燃,びん・かん,可燃,,不燃・ペット,可燃,,,可燃・不燃・ペット,,
火,2026/12/29,プラマーク,可燃,プラマーク,可燃,特定,可燃,プラマーク,可燃,,可燃,プラマーク,可燃,びん・かん・ペット,可燃,特定,,プラマーク,可燃,プラマーク,可燃,特定,可燃,プラマーク,可燃,,可燃,,可燃,,可燃,可燃,不燃・ペット,,,,可燃・不燃・プラ・ペット,可燃・不燃・プラ・ペット
水,2026/12/30,びん・かん・ペット,不燃,,不燃,プラマーク,,,プラマーク,不燃,,びん・かん・ペット,プラマーク,,特定,びん・かん・ペット,プラマーク,びん・かん,不燃・ペット,,不燃・ペット,プラマーク,,,プラマーク,びん・かん,,不燃・ペット,不燃・ペット,プラマーク,プラマーク,プラマーク,プラマーク,全品目,可燃・不燃・プラ・ペット,プラマーク,,
木,2026/12/31,,,,,,,,,,,,,,,,,,,,,,,,,,,,,,,,,,,,,
金,2027/1/1,,,,,,,,,,,,,,,,,,,,,,,,,,,,,,,,,,,,,
土,2027/1/2,,,,,,,,,,,,,,,,,,,,,,,,,,,,,,,,,,,,,
日,2027/1/3,,,,,,,,,,,,,,,,,,,,,,,,,,,,,,,,,,,,,
月,2027/1/4,可燃,プラマーク,可燃,プラマーク,可燃,プラマーク,可燃,特定,可燃,,可燃,,可燃,びん・かん・ペット,可燃,可燃,可燃,プラマーク,可燃,プラマーク,可燃,プラマーク,可燃,特定,可燃,特定,可燃,,可燃,,かん・特定,可燃,,,可燃・かん・特定,,
火,2027/1/5,プラマーク,可燃,プラマーク,可燃,,可燃,プラマーク,可燃,びん・かん・ペット,可燃,プラマーク,可燃,特定,可燃,,特定,プラマーク,可燃,プラマーク,可燃,,可燃,プラマーク,可燃,,可燃,,可燃,,可燃,可燃,かん・特定,,,,,
水,2027/1/6,不燃,びん・かん・ペット,不燃,びん・かん・ペット,プラマーク,特定,,プラマーク,,不燃,不燃,プラマーク,不燃,不燃,不燃,プラマーク,不燃・ペット,,不燃・ペット,びん・かん,プラマーク,特定,,プラマーク,不燃・ペット,不燃・ペット,特定,,プラマーク,プラマーク,プラマーク,プラマーク,,可燃・プラ・かん・特定,プラマーク,,
木,2027/1/7,可燃,,可燃,,可燃,不燃,可燃,びん・かん・ペット,可燃,プラマーク,可燃,びん・かん・ペット,可燃,プラマーク,可燃,可燃,可燃,,可燃,,可燃,不燃・ペット,可燃,びん・かん,可燃,プラマーク,可燃,プラマーク,可燃,かん・特定,,可燃,,,可燃,,可燃・プラ・かん・特定
金,2027/1/8,,可燃,,可燃,不燃,可燃,びん・かん・ペット,可燃,プラマーク,可燃,特定,可燃,プラマーク,可燃,プラマーク,不燃,,可燃,,可燃,不燃・ペット,可燃,びん・かん,可燃,プラマーク,可燃,プラマーク,可燃,かん・特定,可燃,可燃,,,,,可燃・プラ・かん・特定,
土,2027/1/9,,,,,,,,,,,,,,,,,,,,,,,,,,,,,,,,,,,,,
日,2027/1/10,,,,,,,,,,,,,,,,,,,,,,,,,,,,,,,,,,,,,
月,2027/1/11,可燃,プラマーク,可燃,プラマーク,可燃,プラマーク,可燃,,可燃,びん・かん・ペット,可燃,特定,可燃,,可燃,可燃,可燃,プラマーク,可燃,プラマーク,可燃,プラマーク,可燃,,可燃,,可燃,特定,可燃,,不燃・ペット,可燃,,,可燃・不燃・ペット,,
火,2027/1/12,プラマーク,可燃,プラマーク,可燃,,可燃,プラマーク,可燃,特定,可燃,プラマーク,可燃,びん・かん・ペット,可燃,,,プラマーク,可燃,プラマーク,可燃,,可燃,プラマーク,可燃,,可燃,,可燃,,可燃,可燃,不燃・ペット,,,,,
水,2027/1/13,びん・かん・ペット,不燃,,不燃,プラマーク,,特定,プラマーク,不燃,,びん・かん・ペット,プラマーク,,,びん・かん・ペット,プラマーク,,不燃・ペット,びん・かん,不燃・ペット,プラマーク,,特定,プラマーク,特定,,不燃・ペット,不燃・ペット,プラマーク,プラマーク,プラマーク,プラマーク,全品目,可燃・不燃・プラ・ペット,プラマーク,,
木,2027/1/14,可燃,,可燃,特定,可燃,びん・かん・ペット,可燃,不燃,可燃,プラマーク,可燃,不燃,可燃,プラマーク,可燃,可燃,可燃,,可燃,,可燃,びん・かん,可燃,不燃・ペット,可燃,プラマーク,可燃,プラマーク,可燃,不燃・ペット,,可燃,,,可燃,,可燃・不燃・プラ・ペット
金,2027/1/15,,可燃,びん・かん・ペット,可燃,びん・かん・ペット,可燃,不燃,可燃,プラマーク,可燃,,可燃,プラマーク,可燃,プラマーク,びん・かん・ペット,,可燃,,可燃,びん・かん,可燃,不燃・ペット,可燃,プラマーク,可燃,プラマーク,可燃,不燃・ペット,可燃,可燃,,,,,可燃・不燃・プラ・ペット,
土,2027/1/16,,,,,,,,,,,,,,,,,,,,,,,,,,,,,,,,,,,,,
日,2027/1/17,,,,,,,,,,,,,,,,,,,,,,,,,,,,,,,,,,,,,
月,2027/1/18,可燃,プラマーク,可燃,プラマーク,可燃,プラマーク,可燃,,可燃,特定,可燃,,可燃,びん・かん・ペット,可燃,可燃,可燃,プラマーク,可燃,プラマーク,可燃,プラマーク,可燃,,可燃,びん・かん,可燃,,可燃,,びん,可燃,,,可燃・びん,,
火,2027/1/19,プラマーク,可燃,プラマーク,可燃,,可燃,プラマーク,可燃,びん・かん・ペット,可燃,プラマーク,可燃,,可燃,,,プラマーク,可燃,プラマーク,可燃,,可燃,プラマーク,可燃,,可燃,,可燃,,可燃,可燃,びん,,,,,
水,2027/1/20,不燃,びん・かん・ペット,不燃,びん・かん・ペット,プラマーク,,,プラマーク,,不燃,不燃,プラマーク,不燃,不燃,不燃,プラマーク,不燃・ペット,びん・かん,不燃・ペット,,プラマーク,,,プラマーク,不燃・ペット,不燃・ペット,びん・かん,,プラマーク,プラマーク,プラマーク,プラマーク,,可燃・プラ・びん,プラマーク,,
木,2027/1/21,可燃,,可燃,,可燃,不燃,可燃,びん・かん・ペット,可燃,プラマーク,可燃,びん・かん・ペット,可燃,プラマーク,可燃,可燃,可燃,特定,可燃,,可燃,不燃・ペット,可燃,,可燃,プラマーク,可燃,プラマーク,可燃,びん,,可燃,,,可燃,,可燃・プラ・びん
金,2027/1/22,特定,可燃,特定,可燃,不燃,可燃,びん・かん・ペット,可燃,プラマーク,可燃,,可燃,プラマーク,可燃,プラマーク,不燃,特定,可燃,,可燃,不燃・ペット,可燃,,可燃,プラマーク,可燃,プラマーク,可燃,びん,可燃,可燃,,,,,可燃・プラ・びん,
土,2027/1/23,,,,,,,,,,,,,,,,,,,,,,,,,,,,,,,,,,,,,
日,2027/1/24,,,,,,,,,,,,,,,,,,,,,,,,,,,,,,,,,,,,,
月,2027/1/25,可燃,プラマーク,可燃,プラマーク,可燃,プラマーク,可燃,,可燃,びん・かん・ペット,可燃,,可燃,,可燃,可燃,可燃,プラマーク,可燃,プラマーク,可燃,プラマーク,可燃,,可燃,,可燃,びん・かん,可燃,,不燃・ペット,可燃,,,可燃・不燃・ペット,,
火,2027/1/26,プラマーク,可燃,プラマーク,可燃,特定,可燃,プラマーク,可燃,,可燃,プラマーク,可燃,びん・かん・ペット,可燃,特定,,プラマーク,可燃,プラマーク,可燃,特定,可燃,プラマーク,可燃,,可燃,,可燃,,可燃,可燃,不燃・ペット,,,,,
水,2027/1/27,びん・かん・ペット,不燃,,不燃,プラマーク,,,プラマーク,不燃,,びん・かん・ペット,プラマーク,,特定,びん・かん・ペット,プラマーク,びん・かん,不燃・ペット,,不燃・ペット,プラマーク,,,プラマーク,びん・かん,,不燃・ペット,不燃・ペット,プラマーク,プラマーク,プラマーク,プラマーク,全品目,可燃・不燃・プラ・ペット,プラマーク,,
木,2027/1/28,可燃,特定,可燃,,可燃,びん・かん・ペット,可燃,不燃,可燃,プラマーク,可燃,不燃,可燃,プラマーク,可燃,可燃,可燃,,可燃,特定,可燃,,可燃,不燃・ペット,可燃,プラマーク,可燃,プラマーク,可燃,不燃・ペット,,可燃,,,可燃,,可燃・不燃・プラ・ペット
金,2027/1/29,,可燃,びん・かん・ペット,可燃,びん・かん・ペット,可燃,不燃,可燃,プラマーク,可燃,,可燃,プラマーク,可燃,プラマーク,びん・かん・ペット,,可燃,特定,可燃,,可燃,不燃・ペット,可燃,プラマーク,可燃,プラマーク,可燃,不燃・ペット,可燃,可燃,,,,,可燃・不燃・プラ・ペット,
土,2027/1/30,,,,,,,,,,,,,,,,,,,,,,,,,,,,,,,,,,,,,
日,2027/1/31,,,,,,,,,,,,,,,,,,,,,,,,,,,,,,,,,,,,,
月,2027/2/1,可燃,プラマーク,可燃,プラマーク,可燃,プラマーク,可燃,特定,可燃,,可燃,,可燃,びん・かん・ペット,可燃,可燃,可燃,プラマーク,可燃,プラマーク,可燃,プラマーク,可燃,特定,可燃,特定,可燃,,可燃,,かん・特定,可燃,,,可燃・かん・特定,,
火,2027/2/2,プラマーク,可燃,プラマーク,可燃,,可燃,プラマーク,可燃,びん・かん・ペット,可燃,プラマーク,可燃,特定,可燃,,特定,プラマーク,可燃,プラマーク,可燃,,可燃,プラマーク,可燃,,可燃,,可燃,,可燃,可燃,かん・特定,,,,,
水,2027/2/3,不燃,びん・かん・ペット,不燃,びん・かん・ペット,プラマーク,特定,,プラマーク,,不燃,不燃,プラマーク,不燃,不燃,不燃,プラマーク,不燃・ペット,,不燃・ペット,びん・かん,プラマーク,特定,,プラマーク,不燃・ペット,不燃・ペット,特定,,プラマーク,プラマーク,プラマーク,プラマーク,,可燃・プラ・かん・特定,プラマーク,,
木,2027/2/4,可燃,,可燃,,可燃,不燃,可燃,びん・かん・ペット,可燃,プラマーク,可燃,びん・かん・ペット,可燃,プラマーク,可燃,可燃,可燃,,可燃,,可燃,不燃・ペット,可燃,びん・かん,可燃,プラマーク,可燃,プラマーク,可燃,かん・特定,,可燃,,,可燃,,可燃・プラ・かん・特定
金,2027/2/5,,可燃,,可燃,不燃,可燃,びん・かん・ペット,可燃,プラマーク,可燃,特定,可燃,プラマーク,可燃,プラマーク,不燃,,可燃,,可燃,不燃・ペット,可燃,びん・かん,可燃,プラマーク,可燃,プラマーク,可燃,かん・特定,可燃,可燃,,,,,可燃・プラ・かん・特定,
土,2027/2/6,,,,,,,,,,,,,,,,,,,,,,,,,,,,,,,,,,,,,
日,2027/2/7,,,,,,,,,,,,,,,,,,,,,,,,,,,,,,,,,,,,,
月,2027/2/8,可燃,プラマーク,可燃,プラマーク,可燃,プラマーク,可燃,,可燃,びん・かん・ペット,可燃,特定,可燃,,可燃,可燃,可燃,プラマーク,可燃,プラマーク,可燃,プラマーク,可燃,,可燃,,可燃,特定,可燃,,不燃・ペット,可燃,,,可燃・不燃・ペット,,
火,2027/2/9,プラマーク,可燃,プラマーク,可燃,,可燃,プラマーク,可燃,特定,可燃,プラマーク,可燃,びん・かん・ペット,可燃,,,プラマーク,可燃,プラマーク,可燃,,可燃,プラマーク,可燃,,可燃,,可燃,,可燃,可燃,不燃・ペット,,,,,
水,2027/2/10,びん・かん・ペット,不燃,,不燃,プラマーク,,特定,プラマーク,不燃,,びん・かん・ペット,プラマーク,,,びん・かん・ペット,プラマーク,,不燃・ペット,びん・かん,不燃・ペット,プラマーク,,特定,プラマーク,特定,,不燃・ペット,不燃・ペット,プラマーク,プラマーク,プラマーク,プラマーク,全品目,可燃・不燃・プラ・ペット,プラマーク,,
木,2027/2/11,可燃,,可燃,特定,可燃,びん・かん・ペット,可燃,不燃,可燃,プラマーク,可燃,不燃,可燃,プラマーク,可燃,可燃,可燃,,可燃,,可燃,びん・かん,可燃,不燃・ペット,可燃,プラマーク,可燃,プラマーク,可燃,不燃・ペット,,可燃,,,可燃,,可燃・不燃・プラ・ペット
金,2027/2/12,,可燃,びん・かん・ペット,可燃,びん・かん・ペット,可燃,不燃,可燃,プラマーク,可燃,,可燃,プラマーク,可燃,プラマーク,びん・かん・ペット,,可燃,,可燃,びん・かん,可燃,不燃・ペット,可燃,プラマーク,可燃,プラマーク,可燃,不燃・ペット,可燃,可燃,,,,,可燃・不燃・プラ・ペット,
土,2027/2/13,,,,,,,,,,,,,,,,,,,,,,,,,,,,,,,,,,,,,
日,2027/2/14,,,,,,,,,,,,,,,,,,,,,,,,,,,,,,,,,,,,,
月,2027/2/15,可燃,プラマーク,可燃,プラマーク,可燃,プラマーク,可燃,,可燃,特定,可燃,,可燃,びん・かん・ペット,可燃,可燃,可燃,プラマーク,可燃,プラマーク,可燃,プラマーク,可燃,,可燃,びん・かん,可燃,,可燃,,びん,可燃,,,可燃・びん,,
火,2027/2/16,プラマーク,可燃,プラマーク,可燃,,可燃,プラマーク,可燃,びん・かん・ペット,可燃,プラマーク,可燃,,可燃,,,プラマーク,可燃,プラマーク,可燃,,可燃,プラマーク,可燃,,可燃,,可燃,,可燃,可燃,びん,,,,,
水,2027/2/17,不燃,びん・かん・ペット,不燃,びん・かん・ペット,プラマーク,,,プラマーク,,不燃,不燃,プラマーク,不燃,不燃,不燃,プラマーク,不燃・ペット,びん・かん,不燃・ペット,,プラマーク,,,プラマーク,不燃・ペット,不燃・ペット,びん・かん,,プラマーク,プラマーク,プラマーク,プラマーク,,可燃・プラ・びん,プラマーク,,
木,2027/2/18,可燃,,可燃,,可燃,不燃,可燃,びん・かん・ペット,可燃,プラマーク,可燃,びん・かん・ペット,可燃,プラマーク,可燃,可燃,可燃,特定,可燃,,可燃,不燃・ペット,可燃,,可燃,プラマーク,可燃,プラマーク,可燃,びん,,可燃,,,可燃,,可燃・プラ・びん
金,2027/2/19,特定,可燃,特定,可燃,不燃,可燃,びん・かん・ペット,可燃,プラマーク,可燃,,可燃,プラマーク,可燃,プラマーク,不燃,特定,可燃,,可燃,不燃・ペット,可燃,,可燃,プラマーク,可燃,プラマーク,可燃,びん,可燃,可燃,,,,,可燃・プラ・びん,
土,2027/2/20,,,,,,,,,,,,,,,,,,,,,,,,,,,,,,,,,,,,,
日,2027/2/21,,,,,,,,,,,,,,,,,,,,,,,,,,,,,,,,,,,,,
月,2027/2/22,可燃,プラマーク,可燃,プラマーク,可燃,プラマーク,可燃,,可燃,びん・かん・ペット,可燃,,可燃,,可燃,可燃,可燃,プラマーク,可燃,プラマーク,可燃,プラマーク,可燃,,可燃,,可燃,びん・かん,可燃,,不燃・ペット,可燃,,,可燃・不燃・ペット,,
火,2027/2/23,プラマーク,可燃,プラマーク,可燃,特定,可燃,プラマーク,可燃,,可燃,プラマーク,可燃,びん・かん・ペット,可燃,特定,,プラマーク,可燃,プラマーク,可燃,特定,可燃,プラマーク,可燃,,可燃,,可燃,,可燃,可燃,不燃・ペット,,,,,
水,2027/2/24,びん・かん・ペット,不燃,,不燃,プラマーク,,,プラマーク,不燃,,びん・かん・ペット,プラマーク,,特定,びん・かん・ペット,プラマーク,びん・かん,不燃・ペット,,不燃・ペット,プラマーク,,,プラマーク,びん・かん,,不燃・ペット,不燃・ペット,プラマーク,プラマーク,プラマーク,プラマーク,全品目,可燃・不燃・プラ・ペット,プラマーク,,
木,2027/2/25,可燃,特定,可燃,,可燃,びん・かん・ペット,可燃,不燃,可燃,プラマーク,可燃,不燃,可燃,プラマーク,可燃,可燃,可燃,,可燃,特定,可燃,,可燃,不燃・ペット,可燃,プラマーク,可燃,プラマーク,可燃,不燃・ペット,,可燃,,,可燃,,可燃・不燃・プラ・ペット
金,2027/2/26,,可燃,びん・かん・ペット,可燃,びん・かん・ペット,可燃,不燃,可燃,プラマーク,可燃,,可燃,プラマーク,可燃,プラマーク,びん・かん・ペット,,可燃,特定,可燃,,可燃,不燃・ペット,可燃,プラマーク,可燃,プラマーク,可燃,不燃・ペット,可燃,可燃,,,,,可燃・不燃・プラ・ペット,
土,2027/2/27,,,,,,,,,,,,,,,,,,,,,,,,,,,,,,,,,,,,,
日,2027/2/28,,,,,,,,,,,,,,,,,,,,,,,,,,,,,,,,,,,,,
月,2027/3/1,可燃,プラマーク,可燃,プラマーク,可燃,プラマーク,可燃,特定,可燃,,可燃,,可燃,びん・かん・ペット,可燃,可燃,可燃,プラマーク,可燃,プラマーク,可燃,プラマーク,可燃,特定,可燃,特定,可燃,,可燃,,かん・特定,可燃,,,可燃・かん・特定,,
火,2027/3/2,プラマーク,可燃,プラマーク,可燃,,可燃,プラマーク,可燃,びん・かん・ペット,可燃,プラマーク,可燃,特定,可燃,,特定,プラマーク,可燃,プラマーク,可燃,,可燃,プラマーク,可燃,,可燃,,可燃,,可燃,可燃,かん・特定,,,,,
水,2027/3/3,不燃,びん・かん・ペット,不燃,びん・かん・ペット,プラマーク,特定,,プラマーク,,不燃,不燃,プラマーク,不燃,不燃,不燃,プラマーク,不燃・ペット,,不燃・ペット,びん・かん,プラマーク,特定,,プラマーク,不燃・ペット,不燃・ペット,特定,,プラマーク,プラマーク,プラマーク,プラマーク,,可燃・プラ・かん・特定,プラマーク,,
木,2027/3/4,可燃,,可燃,,可燃,不燃,可燃,びん・かん・ペット,可燃,プラマーク,可燃,びん・かん・ペット,可燃,プラマーク,可燃,可燃,可燃,,可燃,,可燃,不燃・ペット,可燃,びん・かん,可燃,プラマーク,可燃,プラマーク,可燃,かん・特定,,可燃,,,可燃,,可燃・プラ・かん・特定
金,2027/3/5,,可燃,,可燃,不燃,可燃,びん・かん・ペット,可燃,プラマーク,可燃,特定,可燃,プラマーク,可燃,プラマーク,不燃,,可燃,,可燃,不燃・ペット,可燃,びん・かん,可燃,プラマーク,可燃,プラマーク,可燃,かん・特定,可燃,可燃,,,,,可燃・プラ・かん・特定,
土,2027/3/6,,,,,,,,,,,,,,,,,,,,,,,,,,,,,,,,,,,,,
日,2027/3/7,,,,,,,,,,,,,,,,,,,,,,,,,,,,,,,,,,,,,
月,2027/3/8,可燃,プラマーク,可燃,プラマーク,可燃,プラマーク,可燃,,可燃,びん・かん・ペット,可燃,特定,可燃,,可燃,可燃,可燃,プラマーク,可燃,プラマーク,可燃,プラマーク,可燃,,可燃,,可燃,特定,可燃,,不燃・ペット,可燃,,,可燃・不燃・ペット,,
火,2027/3/9,プラマーク,可燃,プラマーク,可燃,,可燃,プラマーク,可燃,特定,可燃,プラマーク,可燃,びん・かん・ペット,可燃,,,プラマーク,可燃,プラマーク,可燃,,可燃,プラマーク,可燃,,可燃,,可燃,,可燃,可燃,不燃・ペット,,,,,
水,2027/3/10,びん・かん・ペット,不燃,,不燃,プラマーク,,特定,プラマーク,不燃,,びん・かん・ペット,プラマーク,,,びん・かん・ペット,プラマーク,,不燃・ペット,びん・かん,不燃・ペット,プラマーク,,特定,プラマーク,特定,,不燃・ペット,不燃・ペット,プラマーク,プラマーク,プラマーク,プラマーク,全品目,可燃・不燃・プラ・ペット,プラマーク,,
木,2027/3/11,可燃,,可燃,特定,可燃,びん・かん・ペット,可燃,不燃,可燃,プラマーク,可燃,不燃,可燃,プラマーク,可燃,可燃,可燃,,可燃,,可燃,びん・かん,可燃,不燃・ペット,可燃,プラマーク,可燃,プラマーク,可燃,不燃・ペット,,可燃,,,可燃,,可燃・不燃・プラ・ペット
金,2027/3/12,,可燃,びん・かん・ペット,可燃,びん・かん・ペット,可燃,不燃,可燃,プラマーク,可燃,,可燃,プラマーク,可燃,プラマーク,びん・かん・ペット,,可燃,,可燃,びん・かん,可燃,不燃・ペット,可燃,プラマーク,可燃,プラマーク,可燃,不燃・ペット,可燃,可燃,,,,,可燃・不燃・プラ・ペット,
土,2027/3/13,,,,,,,,,,,,,,,,,,,,,,,,,,,,,,,,,,,,,
日,2027/3/14,,,,,,,,,,,,,,,,,,,,,,,,,,,,,,,,,,,,,
月,2027/3/15,可燃,プラマーク,可燃,プラマーク,可燃,プラマーク,可燃,,可燃,特定,可燃,,可燃,びん・かん・ペット,可燃,可燃,可燃,プラマーク,可燃,プラマーク,可燃,プラマーク,可燃,,可燃,びん・かん,可燃,,可燃,,びん,可燃,,,可燃・びん,,
火,2027/3/16,プラマーク,可燃,プラマーク,可燃,,可燃,プラマーク,可燃,びん・かん・ペット,可燃,プラマーク,可燃,,可燃,,,プラマーク,可燃,プラマーク,可燃,,可燃,プラマーク,可燃,,可燃,,可燃,,可燃,可燃,びん,,,,,
水,2027/3/17,不燃,びん・かん・ペット,不燃,びん・かん・ペット,プラマーク,,,プラマーク,,不燃,不燃,プラマーク,不燃,不燃,不燃,プラマーク,不燃・ペット,びん・かん,不燃・ペット,,プラマーク,,,プラマーク,不燃・ペット,不燃・ペット,びん・かん,,プラマーク,プラマーク,プラマーク,プラマーク,,可燃・プラ・びん,プラマーク,,
木,2027/3/18,可燃,,可燃,,可燃,不燃,可燃,びん・かん・ペット,可燃,プラマーク,可燃,びん・かん・ペット,可燃,プラマーク,可燃,可燃,可燃,特定,可燃,,可燃,不燃・ペット,可燃,,可燃,プラマーク,可燃,プラマーク,可燃,びん,,可燃,,,可燃,,可燃・プラ・びん
金,2027/3/19,特定,可燃,特定,可燃,不燃,可燃,びん・かん・ペット,可燃,プラマーク,可燃,,可燃,プラマーク,可燃,プラマーク,不燃,特定,可燃,,可燃,不燃・ペット,可燃,,可燃,プラマーク,可燃,プラマーク,可燃,びん,可燃,可燃,,,,,可燃・プラ・びん,
土,2027/3/20,,,,,,,,,,,,,,,,,,,,,,,,,,,,,,,,,,,,,
日,2027/3/21,,,,,,,,,,,,,,,,,,,,,,,,,,,,,,,,,,,,,
月,2027/3/22,可燃,プラマーク,可燃,プラマーク,可燃,プラマーク,可燃,,可燃,びん・かん・ペット,可燃,,可燃,,可燃,可燃,可燃,プラマーク,可燃,プラマーク,可燃,プラマーク,可燃,,可燃,,可燃,びん・かん,可燃,,不燃・ペット,可燃,,,可燃・不燃・ペット,,
火,2027/3/23,プラマーク,可燃,プラマーク,可燃,特定,可燃,プラマーク,可燃,,可燃,プラマーク,可燃,びん・かん・ペット,可燃,特定,,プラマーク,可燃,プラマーク,可燃,特定,可燃,プラマーク,可燃,,可燃,,可燃,,可燃,可燃,不燃・ペット,,,,,
水,2027/3/24,びん・かん・ペット,不燃,,不燃,プラマーク,,,プラマーク,不燃,,びん・かん・ペット,プラマーク,,特定,びん・かん・ペット,プラマーク,びん・かん,不燃・ペット,,不燃・ペット,プラマーク,,,プラマーク,びん・かん,,不燃・ペット,不燃・ペット,プラマーク,プラマーク,プラマーク,プラマーク,全品目,可燃・不燃・プラ・ペット,プラマーク,,
木,2027/3/25,可燃,特定,可燃,,可燃,びん・かん・ペット,可燃,不燃,可燃,プラマーク,可燃,不燃,可燃,プラマーク,可燃,可燃,可燃,,可燃,特定,可燃,,可燃,不燃・ペット,可燃,プラマーク,可燃,プラマーク,可燃,不燃・ペット,,可燃,,,可燃,,可燃・不燃・プラ・ペット
金,2027/3/26,,可燃,びん・かん・ペット,可燃,びん・かん・ペット,可燃,不燃,可燃,プラマーク,可燃,,可燃,プラマーク,可燃,プラマーク,びん・かん・ペット,,可燃,特定,可燃,,可燃,不燃・ペット,可燃,プラマーク,可燃,プラマーク,可燃,不燃・ペット,可燃,可燃,,,,,可燃・不燃・プラ・ペット,
土,2027/3/27,,,,,,,,,,,,,,,,,,,,,,,,,,,,,,,,,,,,,
日,2027/3/28,,,,,,,,,,,,,,,,,,,,,,,,,,,,,,,,,,,,,
月,2027/3/29,可燃,プラマーク,可燃,プラマーク,可燃,プラマーク,可燃,特定,可燃,,可燃,,可燃,びん・かん・ペット,可燃,可燃,可燃,プラマーク,可燃,プラマーク,可燃,プラマーク,可燃,特定,可燃,特定,可燃,,可燃,,かん・特定,可燃,,,可燃・かん・特定,,
火,2027/3/30,プラマーク,可燃,プラマーク,可燃,,可燃,プラマーク,可燃,びん・かん・ペット,可燃,プラマーク,可燃,特定,可燃,,特定,プラマーク,可燃,プラマーク,可燃,,可燃,プラマーク,可燃,,可燃,,可燃,,可燃,可燃,かん・特定,,,,,
水,2027/3/31,不燃,びん・かん・ペット,不燃,びん・かん・ペット,プラマーク,特定,,プラマーク,,不燃,不燃,プラマーク,不燃,不燃,不燃,プラマーク,不燃・ペット,,不燃・ペット,びん・かん,プラマーク,特定,,プラマーク,不燃・ペット,不燃・ペット,特定,,プラマーク,プラマーク,プラマーク,プラマーク,,可燃・プラ・かん・特定,プラマーク,,
